Name,Category,Phone,Address,City,Zipcode,Website,AdditionalInfo
Meeker St. Emporium,Clothing Assistance,(253) 813-0494,403 W. Meeker St.,Kent,98032,,Clothing assistance
Westwood Christian Assembly,Clothing Assistance,(206) 763-0585,9252 16th Ave SW,Seattle,98106,http://www.wcaseattle.org,"Operates a clothing bank with free clothing for men, women, children and infants; Tuesdays 1:00pm - 3:00pm"
YWCA (Seattle),,(206) 461-4851,1118 5th Ave.,Seattle,98101-,,Call for information
YWCA of Seattle/King County - Family Village,Job Interview Clothing,(425) 556-1350,16601 NE 80th St,Redmond,98052,,Provides job interview clothing
YWCA of Seattle/King County - Seattle,Clothing Assistance,(206) 325-3453,1118 5th Ave,Seattle,98101,http://www.ywcaworks.org,"Offers free clothing for job interviews for those with extreme need, must be referred by YWCA or another agency, 3 distribution sites. Clients must be referred by approved agency. Provides interview-appropriate clothing for low-income women"
Providence Regina House,Clothing Assistance,(206) 763-9204,8201 10th Ave S,Seattle,98108,,"Provides free clothing, primarily to residents of South Park neighborhood."
Plateau Outreach Ministries,"Food Assistance, Clothing Assistance",(360) 825-8961,1749 Cole St,Enumclaw,98022,,"Wednesdays 10:00am - 12:00pm. Provides food and clothing to anyone in need. Clients can visit weekly. Assists with eviction prevention, move-in costs, utilities, propane, prescriptions, school supplies for children, motel vouchers. Serves Enumcla"
Phoenix Resource Group,Job-Appropriate Clothing,(425) 827-4566,,Kirkland,98033,,Provides job-appropriate clothing and make-up for low-income women seeking employment. Call to check hours for appointment times
Overlake Service League,Children's School Clothing Vouchers,(425) 451-1175,,Bellevue,,http://www.overlakeserviceleague.com,Provides children's school clothing vouchers throughout the summer. Serves ages 4 - 15. Call for home visit in June.
Operational Emergency Center,Clothing Assistance,(206) 772-9232,11410 Renton Ave S,Seattle,98178,http://www.oecagency.org,Clothing
Seattle Union Gospel Mission - Men's Shelter,Clothing Assistance,(206) 622-5177,318 2nd Ave Est S,Seattle,98104,http://www.ugm.org,"Offers free clothing for men in need; Mondays through Fridays 9:30am - 10:30am and 1:30pm - 2:30pm. Operates a day room for men only, with shower and bathroom facilities. Receives mail for homeless men and women and holds mail up to one week."
Seattle Milk Fund,Clothing Assistance,(206) 526-7944,1130 N Northgate Way,Seattle,98133,http://www.seattlemilkfund.org,Gives shoe vouchers to purchase shoes for children in Seattle Public Schools. Written referral required from school. Provides backpacks for school.
Salvation Army (White Center),Food Assistance,(206) 767-3150,9045 16th Ave SW,Seattle,98106,http://www.nwarmy.org,"Provides a food bank, utility assistance, rent assistance, emergency lodge, child care. Emergency prescriptions, clothing"
Salvation Army (Seattle),Food Assistance,(206) 447-9944,1101 Pike St.,Seattle,98101,http://www.nwarmy.org,"Provides a food bank, utility assistance, rent assistance, emergency lodge, child care. Emergency prescriptions, clothing"
Salvation Army (Renton),Food Assistance,(425) 255-0171,422 S. 3rd St.,Renton,98057,http://www.nwarmy.org,"Provides a food bank, utility assistance, rent assistance, emergency lodge, child care. Emergency prescriptions, clothing"
Salvation Army (North Seattle),Food Assistance,(206) 783-1226,9501 Greenwood Ave. N,Seattle,98103,http://www.nwarmy.org,"Provides a food bank, utility assistance, rent assistance, emergency lodge, child care. Emergency prescriptions, clothing"
Salvation Army - Social Services Department - Renton,Clothing Assistance,(425) 255-5969,206 S Tobin St,Renton,98055,http://www.nwarmy.org,Clothing bank referrals are available for Renton area residents; May pick up referral slip once every 60 days.
Ruby Room,Clothing Assistance,(206) 439-7575,3202 49th Ave SW,Seattle,98116,http://www.rubyroomseattle.org,"Provides formal prom attire to low-income high school girls at seasonal boutiques, usually held in April and May. Referral required."
South King County St. Vincent De Paul - Holy Family Conference,Clothing Assistance,(253) 833-2546,717 Auburn Way N,Auburn,98002,,"Provides clothing and furniture vouchers for Auburn, Algona, and Pacific residents."
Cinderella's Trunk,Clothing Assistance,(425) 806-7429,10116 NE 185th St,Bothell,98011,http://www.cinderellastrunk.com,"Formal and semi-formal wear for people who would not otherwise be able to attend formal and semi-formal events due to financial constraints. Free, low-cost/sliding-scale/negotiable"
Children's Home Society of Washington - North Seattle Family Center,Clothing Assistance,(206) 364-7930,3200 NE 125th St Suite 2,Seattle,98125,http://www.chs-wa.org,"Provides food bags, children's and maternity clothing, diapers. DSHS and Help for Working Families representatives on-site. Serves residents of North Seattle."
Center for Human Services,Clothing Assistance,(206) 362-7282,17018 15th Ave NE,Shoreline,98155,http://www.chs-nw.org,"Shoreline Family Support Center. Provides information and referral. Operates a children's clothing exchange, and provides limited numbers of food bags for Shoreline families in need."
Center for Empowerment,Food Assistance,(206) 722-7310,7930 Rainier Ave S,Seattle,98118,http://www.centerforempowerment.org,Provides food weekly in Rainier Valley. Works to offer food consistent with the diets of an ethnically diverse area. Offers some clothing.
Capitol Hill Community Resource Center,Clothing Assistance,(206) 322-4567,509 10th Ave E,Seattle,98102,http://www.chcrc.org,"Offers a variety of clothing for men, women, and children. May have hygiene items and household goods. Tuesdays and Thursdays 1:00pm - 4:00pm"
Buck and Buck,Clothing Assistance,(206) 722-4196,3111 27th Ave S,Seattle,98144,http://www.buckandbuck.com,"Provides low-cost clothing for nursing home residents, older adults, and individuals living with disabilities by catalogs, online, phone, and nursing homes. Payment options: Low-Cost/Sliding-Scale/Negotiable"
Bread of Life Mission,Clothing Assistance,(206) 682-3579,97 South Main St,Seattle,98194,http://www.breadoflifemission.org,"Provides free men's clothing to anyone in need, Tuesday Through Friday 1:30pm - 2:30pm"
Black Diamond Community Center,Clothing Assistance,(360) 886-1011,"31605 3rd Ave, Hwy 169",Black Diamond,98010-,,"Offers clothing, emergency food, motel vouchers, rent, move-in and utility help. Also serves: Covington and Lake Meridian."
Ballard Food Bank,Clothing Assistance,(206) 789-7800,7001 24th Ave NW,Seattle,98117,http://www.ballardfoodbank.org,"Provides clothing and hygiene items for anyone in need, Tuesday, Wednesday, and Thursday 11:00am - 2:45pm"
Archdiocesan Housing Authority - Lazarus Center,Clothing Assistance,(206) 623-7219,416 2nd Ave Ext S,Seattle,98104,http://www.ccsww.org/lazarus/index.php,Distributes free clothing when volunteers are available; please call to verify hours.
Union Gospel Mission (Seattle),Clothing Assistance,(206) 622-5177,318 2nd Ave,Seattle,98104,,Clothing assistance
Goodwill Industries (Seattle),Clothing Assistance,(206) 860-5731,1400 South Lane St.,Seattle,98144,http://www.seattlegoodwill.org,Clothing assistance
Renton Clothes Bank,Clothing Assistance,(425) 204-2325,1025 S 3rd St - Suite A,Renton,98055,,"Provides free used clothing to infants, children and adults. Clients can visit once every 30 days. A referral is required."
The City Ministries - City Colors,Clothing Assistance,(425) 803-2363,9051 132nd Ave NE,Kirkland,98033,http://www.thecity.org,Provides low-cost clothing to general public and free clothing to those in need who are referred by a social service provider.
St. Vincent De Paul (Seattle),Clothing Assistance,(206) 767-6449,5950 4th Ave S.,Seattle,98108,,Assistance with clothing
St. Francis House,Clothing Assistance,(206) 621-0945,169 12th Ave S.,Seattle,98122,,Clothing assistance
St. Thomas Catholic Church - Outreach,Clothing Assistance,(206) 242-5501,4415 S 140th St,Tukwila,98168,,Operates clothing bank for people in Tukwila and North SeaTac. Limited linens and bedding available. Open 2:00pm - 3:00pm
DSHS - Division of Vocational Rehabilitation - Kent,Vocational Rehabilitation Services,(253) 372-3940,1000 Central Ave S,Kent,98032,www.dshs.wa.gov,"Provides vocational rehabilitation services to individuals with disabilities including assessment, counseling, job preparation/placement, support services."
DVR - SeaTac,Vocational Rehabilitation Services,(206) 444-3800,18000 International Boul Suite 1000,SeaTac,981,,"DVR helps individuals find and use available resources, including resources needed to support an individual attending a training program, such as books, supplies, equipment, transportation, child care, etc. Job placement and retention service"
DSHS - Auburn,Government Assistance,(253) 804-1159,2707 "I" St. NE,Auburn,980,www.wa.gov/dshs,"Mailing address: PO BOX 34362 Seattle, WA 98124-9805 MS: N72-1. If you are applying for cash or food assistance you can: Make an appointment to be interviewed by calling 253-804-1159 or If you bring your application to the office any working day before"
DSHS - Ballard,Government Assistance,(206) 341-7424,"907 NW Ballard Way, 1st Floor",Seattle,981,www.dshs.wa.gov,"Mailing address: PO Box 34356 SEATTLE, WA 98124 MS: N42-1. If you are applying for cash or food assistance you can: Make an appointment to be interviewed by calling 206-341-7424 or If you bring your application to the office any working day before 8:00"
DSHS - Belltown,Government Assistance,(206) 341-7427,2106 2nd Ave.,Seattle,981,www.wa.gov/dshs,"Mailing address: 2106 2nd Ave. Seattle, WA 98121-2298 MS: N47-1. If you are applying for cash or food assistance you can: Make an appointment to be interviewed by calling 206-341-7427 or If you bring your application to the office any working day before"
DSHS - Department of Vocational Rehabilitation,Vocational Rehabilitation Services,(206) 720-3200,3600 S. Graham St.,Seattle,9811,www.dshs.wa.gov,Assistance for people with disabilities to find appropriate employment
DSHS - Division of Vocational Rehabilitation - Northgate,Vocational Rehabilitation,(206) 440-2230,12063 15th Ave NE,Seattle,98125,http://www.dshs.wa.gov,"Provides vocational rehabilitation services to individuals with disabilities including assessment, counseling, job preparation/placement, support services."
DSHS - Division of Vocational Rehabilitation - SeaTac,Vocational Rehabilitation,(206) 439-3703,18000 International Blvd Suite 1000,SeaTac,98188,http://www.dshs.wa.gov,"Provides vocational rehabilitation services to individuals with disabilities including assessment, counseling, job preparation/placement, support services."
DSHS - Division of Vocational Rehabilitation - Seattle,Vocational Rehabilitation,(206) 273-7100,400 Mercer St Suite #508,Seattle,98109,http://www.dshs.wa.gov,"Provides vocational rehabilitation services to individuals with disabilities including assessment, counseling, job preparation/placement, support services."
DSHS - Renton,,(206) 341-7434,"500 SW 7th St., Suite B",Renton,98057,http://www.dshs.wa.gov,"Mailing address: P.O. BOX 34358 Seattle, WA 98124 MS: N80-1. Provides assistance for cash or food applications."
DVR - Renton,Job Placement and Retention Service,(206) 205-3500,"1107 SW Grady Way, Suite 200",Renton,98057,,"Helps individuals find and use available resources, including resources needed for training programs."
DSHS - Capitol Hill,,(206) 341-7431,1700 E. Cherry St.,Seattle,98122,http://www.wa.gov/dshs,Provides assistance for cash or food applications.
DSHS - Federal Way,,(253) 341-7426,616 S 348th St,Federal Way,,http://www.wa.gov/dshs,"Mailing Address: P O Box 34352 MS: N45-1 Seattle, WA 98124. Provides assistance for cash or food applications."
DVR - Kent,Job Placement and Retention Service,(253) 372-3940,1000 Central Ave. South N43-7,Kent,98032,,"Helps individuals find and use available resources, including resources needed for training programs."
DVR - Seattle (Mercer St.),Job Placement and Retention Service,(206) 273-7100,"400 Mercer St, Suite 508",Seattle,98109,,"Helps individuals find and use available resources, including resources needed for training programs."
DSHS - White Center,,(206) 341-7430,9650 15th Ave SW,Seattle,98106,http://www.dshs.wa.gov,"Mailing address: PO Box 34359 Seattle, WA 98124-9532 MS: N44-. Provides assistance for cash or food applications."
DVR - North Seattle,Job Placement and Retention Service,(206) 440-2230,12063 15th Ave. NE,Seattle,98125,,"Helps individuals find and use available resources, including resources needed for training programs."
DSHS - Rainier,,(206) 341-7429,3600 S. Graham St.,Seattle,98118,http://www.wa.gov/dshs,Provides assistance for cash or food applications.
DSHS - King South (Kent area),,(206) 341-7428,"1313 W. Meeker St., Suite 100",Kent,98032,http://www.wa.gov/dshs,"Mailing Address: PO Box 34361 M/S N1 Seattle, WA 98124-1361. Provides assistance for cash or food applications."
DSHS - King North,,(206) 341-7424,Ballard,Seattle,98107,http://www.dshs.wa.gov,Contact office for food stamp information and eligibility requirements.
DSHS - King Eastside,,(206) 341-7404,805 156th Ave NE,Bellevue,98007,http://www.dshs.wa.gov,"Mailing address: 805 156th Ave NE Bellevue, WA 98007-4614 MS: N40-1. Provides assistance for cash or food applications."
DVR - Bellvue,Job Placement and Retention Service,(425) 590-3115,805 156th Ave NE,Bellevue,98007,,"Helps individuals find and use available resources, including resources needed for training programs."
Pima Medical Institute - Seattle,,(206) 9709,Third Avenue NE,Seattle,98115,http://www.pmi.edu/locations/seattle.asp,"Main Campus: 3350 East Grant Road, Suite 200 Tucson, AZ 85716. Programs Available: Dental Assisting, Medical Assistant, Medical Laboratory Technologies."
Pacific Northwest Ironworkers Employers & Apprenticeship Training,Apprenticeship Programs,(206) 244-2993,4550 South 134th Place,Tukwila,98168,http://www.local86.org/Apprenticeship.s,Apprenticeship Program: Ironworker Apprenticeship.
Training Associates Pacific,,(360) 275-6701,381 NE Tiger Way East,Belfair,98528,http://www.tap-trainingassociatespacific,Offers assistance to obtain employment training through local community and technical college or through on-the-job training.
Pima Medical Institute - Renton,,(425) 555,South Renton Village,Renton,98055,http://www.pmi.edu/locations/renton.asp,"Programs Available: Dental Assisting, Medical Assistant, Medical Laboratory Technologies, Medical Secretary, Pharmacy Technician."
Nursing Assistant Training Institute,,(206) 417-2600,15019 Aurora Avenue No,Shoreline,98133,http://www.natraining.net,Offers various nursing assistant training programs.
"Post-Prison Education Program, Inc.",,(206) 910-4332,810 Third Avenue – Suite,Seattle,98104,http://www.postprisonedu.org/home.html,Provides advocacy and support for returnees transitioning to college after prison.
RCH Technical Institute,,,500 SW 7th Street,Renton,98057,,Title IV Code: 017131
Renton Beauty School,,(425) 251-8882,2828 Sunset Ln. NE,Renton,98056,http://rentonbeautyschool.com/,Title IV Code: 013929
Renton Technical College,,(425) 235-2352,3000 NE 4th St,Renton,98056,http://www.rtc.edu,Title IV Code: 014001. Offers financial assistance for tuition and books for students.
Seattle Bible College,,(425) 212-3530,"11625 Airport Road, Suit",Everett,98204,http://www.seattlebiblecollege.edu,"Programs Offered: Ministry, Religious Studies."
Northwest School of Massage,,(866) 713-1212,12618 NE 85th Street,Kirkland,98033,http://www.nwschoolofmassage.com,Offers Massage Therapy program.
Seattle Central Community College,,(206) 587-3800,1701 Broadway,Seattle,98122,http://seattlecentral.edu,Title IV Code: 003787. Offers career planning resources and support services for women.
Seattle Education Access,,(206) 683-5536,5516 Roosevelt Way NE,Seattle,98105,http://www.seattleeducationaccess.org,"Provides support for high school/GED completion, college coaching, and advocacy for low-income individuals."
Seattle Gaming Academy,,(206) 781-8700,"115 North 85th Street, #2",Seattle,98103,http://www.seattlegamingacademy.com,Offers programs in Casino and Gaming Operations.
Roger Moore's Institute of Hypnotherapy,,(206) 903-1232,"509 Olive Way, Suite 401",Seattle,98101,http://www.rogermooreinstitute.com,Offers various Hypnotherapy and Alternative Treatments programs.
North American Institute of Neuro-Therapy,,(206) 322-0633,"117 East Louisa, #188",Seattle,98102,http://www.TherapyoftheFuture.com,Offers NEURO-THERAPY Specialist-Clinical Hypnotherapist program.
University of Washington - DO-IT,Disabilities Opportunities,(206) 685-3647,3737 Brooklyn,Seattle,9810,,DO-IT PALS Program: Recruits middle and high schools students with disabilities who want to explore careers and college opportunities by using the Internet and computers. DO-IT Scholar's Program: Recruits high school students with disabilities.
Seattle Institute of Oriental Medicine,Acupuncture and Oriental Medicine,(206) 517-4541,"916 NE 65th Street, Suite",Seattle,981,http://www.siom.edu,Acupuncture and Oriental Medicine [MAcOM]
"Montessori Plus School, Inc./Montessori Teacher Preparation",Early Childhood Education Paraprofessional,(253) 859-2262,23807 - 98th Avenue Sou,Kent,98031,http://www.montessoriplus.org,"Montessori Teacher Preparation (2-1/2 to six) onsite [Cert], Videotape Elementary Training (ages six to nine) [Cert], Videotape Training (ages birth to three) [Cert], Videotape Training (ages three to six) [Cert]"
Multi-Service Center - Federal Way,Individual Development Account Program,(253) 838-6810,1200 S 336th St,Federal Way,W,http://www.multi-servicecenter.com/,"Manages individual development accounts with matching funds for education, home-buying, or starting a small business; low-income; classes required."
New Beginnings Beauty College,Cosmetology,(253) 939-2480,435 East Main,Auburn,98,,Cosmetology [Dipl]
TLG Learning Admissions,,(425) 12822,"SE 32nd Street, Su",Bellevue,9,http://www.nhbellevue.com,"Programs Available - Computer Applications, Microsoft Office User Specialist [Cert], Computer Network Technology, CISCO Network Certification Program [Cert], CompTIA Certified Professional A+, Network + Certificate [Cert], Microsoft Certified Systems Admini"
New York Fashion Academy,Apparel Design,(206) 352-2636,5201 Ballard Avenue N,Seattle,981,http://www.newyorkfashionacademy.co,Fashion Design and Construction [Cert]
Northwest Academy of Healing Arts,,(800) 929-9441,"720 South 333rd Street, S",Federal Way,W,http://www.nwsm.net,Call for information
North Seattle Community College,,(206) 527-3663,9600 College Way North,Seattle,9810,http://www.northseattle.edu,"Title IV Code: 009704, Career Link Academy North: Offers career planning, job skills training, and job placement for out-of-school youth ages 16 - 20. Women's Center: Offers counseling, lecture series, support groups, information and referr"
Northshore Dental Assisting Academy,Dental Assisting,(425) 408-9400,"6610 NE 181st Street, Sui",Kenmore,9,http://www.northshoredentalacademy.co,Dental Assisting [Cert]
Northwest Art Center,,(425) 788-5900,15515 Main Street NE,Duvsall,980,http://www.northwestartcenter.com,Call for information
Northwest Aviation College,Aircraft Pilot,(253) 854-4960,506 - 23rd Avenue NE,Auburn,98,http://www.northwestaviationcollege.edu,"Aviation Flight Technology [Assoc], Commercial Pilot [Cert], Instrument Pilot [Cert], Multi-Engine Instructor [Cert], Private Pilot [Cert], Professional Pilot I [Cert], Professional Pilot II [Cert], Professional Pilot III [Cert]"
Northwest University,,(425) 822-8266,PO Box 579 / 5520 - 108t,Kirkland,98,http://www.northwestu.edu/,Title IV Code: 003783
Northwest School of Animal Massage,Animal Care and Training,(425) 222-3703,PO Box 670,Fall City,9,http://www.nwsam.com,"Large Animal Onsite Massage Course [Cert], Level 100: Large Animal Maintenance and Massage [Cert], Level 100: Small Animal Maintenance and Massage [Cert], Small Animal Onsite Massage Course [Cert]"
Montessori Education Institute of the Pacific Northwest,,(425) 486-5092,13965 NE 166th Street,Woodinville,W,http://www.meipn.org,"Programs Available - Early Childhood Education, Early Childhood Education--Montessori Teacher Preparation [Cert], Elementary Education, Elementary Education 1--Montessori Teacher Preparation [Cert], Elementary Education 2--Montessori Teacher Preparation [C"
South Seattle Community College,,(206) 764-5300 /,6000 16th Ave SW,Seattle,9810,http://www.southseattle.edu,"Information: Apprenticeship Programs, Automotive Collision Repair, Commercial Driver Training Program"
Oil Heat Service and Repair Technical School,"Heating, Refrigeration, and Air Conditioning Maintenance",(360) 443-6696,18850 - 103rd Avenue S,Vashon,98,http://www.pnwoilheat.com/service-scho,
Bellevue Montessori School,Early Childhood Education Paraprofessional,(425) 454-7439,2411 - 112th Avenue NE,Bellevue,9,http://www.bellmontessori.org,Pre-Elementary Education (ages 2 1/2 to six) [Cert]
Vuu Beauty School,,(206) 340-2655,807 South King Street,Seattle,981,,"Programs Available - Barbering, Barber/Haircutting [Cert], Cosmetology [Cert], Esthetician [Cert], Instructor Trainee Course [Cert], Manicure Course [Cert]"
University of Washington - Women's Center,,(206) 685-1090,University of Washington Cunningham Hal,Seattle,9819,,"Edith Langley Memorial Scholarship: Awards an annual nursing scholarship for $250.00 to financially needy nursing students in western Washington. Information and Referral: Information and referral for community services, support group listin"
University of Washington - Office of Minority Affairs,,(206) 543-7132,1400 NE Campus Pkwy 373 Schmitz Hal,Seattle,9819,,"Provides educational opportunities for underrepresented students and the economically and educationally disadvantaged; includes tutoring, counseling, et cetera."
University of Washington - Bothell Campus,,(425) 352-5000,18115 Campus Way NE,Bothell,980,http://www.uwb.edu/,"Programs offered - Business Administration, Business Administration [BA], Master in Business Administration [MBA], Computer Science, Computing and Software Systems [BS], Elementary Education, K-8 Elementary Teacher Certification [Cert], Environmental Scienc"
University of Phoenix - Washington Campuses,,(206) 268-5800,"7100 Fort Dent Way, Suit",Seattle,981,http://www.phoenix.edu,"Also: Bellevue, Renton, Mountlake Terrace, Olympic College, Tacoma. Central Administration: 4635 East Elwood Street PO Box 52076 Phoenix, AZ 85072-2076 (480) 966-7400 or (480) 228-7240. Programs Offered - Accounting (4- or 5-year Program), Business-"
United Montessori Association,Early Childhood Education Paraprofessional,(206) 441-4337,"2801 - 1st Avenue, #1205",Seattle,981,http://www.unitedmontessori.com,"Programs Available - Early Childhood Education Paraprofessional, Montessori Teacher Certification Program [Cert], Special Education, Montessori Teacher Certification Program [Cert]"
Trinity Lutheran College,,(425) 249-4800,4221 - 228th Avenue SE,Issaquah,98,http://www.tlc.edu,"Programs Offered - Church Music, Music and Worship [Cert, BA], Communications, Applied Communication [BA], Ministry, Associate in Ministry-- Academic Curriculum for ELCA [Assoc], Youth and Family Ministry [BA, Cert], Missionary Service, Multi-Cultural Studi"
TL SEA Diving,Diving Technology,(206) 824-4100,23405 Pacific Highway S,Des Moines,WA,http://www.tlsea.com,"PADI Assistant Instructor [Cert], PADI Open Water Instructor [Cert], PADI Staff Instructor [Cert]"
The Reiki Training Program,Hypnotherapy and Alternative Treatments,(206) 523-8999,7812 Lake City Way NE,Seattle,981,http://www.reikitrainingprogram.com,"Certified Reiki Master [Cert], Registered Reiki Practitioner [Cert]"
The Euro Institute of Skin Care,Cosmetology,(425) 255-8100,10904 SE 176th Street,Renton,980,http://www.euroinstitute.com,Esthetician Licensing Program [Dipl]
Tahoma School District,,(425) 413-6200,25720 Maple Valley Blac,Maple Valley,W,,Operates a career center for district students; integrates career concepts into the curriculum.
University of Washington,,(206) 543-2100,BOX 355880 407 Gerberding,Seattle,981,http://www.washington.edu,"Title IV Code: 003798, Programs offered - Accounting (4- or 5-year Program), Business Administration--Accounting [BA, MPA], Aerospace/Aeronautical Engineering, Aeronautics and Astronautics [BS, MAEng, MSAA, PhD], Aircraft Composite Materials and Manufactu"
Seattle Vocational Institute,WorkFirst Tuition Assistance Program,(206) 587-4950,2120 S Jackson St,Seattle,9814,http://sviweb.sccd.ctc.edu,"Provides funding for low-income parents to receive training in any of Professional/Technical Programs, Pre-Employment training, and any basic skills courses. Programs Offered - Administrative Assistant/Secretarial"
Seattle Midwifery School,Midwifery,(206) 322-8834,"4000 NE 41st Street, Bld Suite 3",Seattle,981,http://www.seattlemidwifery.org,Midwifery [Cert]
Seattle Pacific University,,(206) 281-2000,3307 Third Avenue West,Seattle,981,http://www.spu.edu/,"Title IV Code: 003788, Programs offered - Accounting (4- or 5-year Program), Accounting [BA], Apparel Design, Textiles, Clothing, and Interiors--Apparel Design [BA], Art, Art [BA], Arts--Studio Arts Emphasis [BA], Biochemistry, Biochemistry [BS], Bioengin"
Seattle Public Schools - District Office,Education,(206) 365-2234,2445 3rd Ave S,Seattle,9813,,Provides advice for parents of African American children in Seattle Public Schools on questions regarding standardized tests and discipline concerns.
Seattle Public Schools - School to Work Program/Career Center,Education,(206) 252-0730,2445 3rd Ave S,Seattle,9813,,"Offers career planning, job search training, and job referral services for all Seattle Public Schools high school students and parents/guardians."
Seattle Public Schools - Seattle Alternative Secondary Programs - John,Education,(206) 252-4700,520 NE Ravenna,Seattle,9811,,"School Preparation Program: Offers individualized instruction, career counseling, and practice testing."
"Strategy Computers, Inc.",Technology,(425) 643-4849,2475 - 140th Avenue NE Suite C-100,Bellevue,9,http://www.strategycomputers.com,"Programs Available: Business Computer Science, Microsoft Certified Application Developer for .NET, Microsoft Certified Professional, Microsoft Certified Solutions Developer for .NET, Microsoft Certified Systems Associate"
Seattle University - Eastside Education Center,Education,(425) 451-0200,1450 - 114th Av,Bellevue,9,http://www.seattleu.edu,"Programs Offered: Accounting, Business Administration--Accounting, Professional Accounting, Anthropology, Cultural Anthropology, Applied Mathematics, Mathematics--Applied Mathematic"
Spring Valley Montessori School,Education,(253) 927-2557,36605 Pacific Highway S,Federal Way,W,http://www.springvalley.org,"Programs Available: Early Childhood Education Paraprofessional, Elementary Teacher Education (Montessori Method), Special Education Early Childhood Education (Montessori Method)"
Shoreline Community College,Education,(206) 546-4101,16101 Greenwood Ave N,Shoreline,9,http://www.shoreline.edu/,"Title IV Code: 003791. Advising and Counseling Center provides career counseling, career and life planning class, job reference guides, and labor market information. Career and Employment Services offers career planning and job search assistance."
Shoreline Community College - Lake Forest Park,Education,(206) 533-6700,17171 Bothell Way NE,Lake Forest Park,,http://www.shoreline.edu/ce/,"Programs Offered: Business Management, Computer and Information Systems Security, Computer Programming"
Simply Couture Beauty College,Beauty and Cosmetology,(206) 852-3017,1222 Bronson Way North,Renton,980,,"Programs Available: Barbering, Cosmetology, Esthetician, Instructor, Nails Technician"
Solid Ground - Housing Counseling and Homelessness Prevention,Housing Assistance,(206) 694-6700,1501 N 45th St,Seattle,9810,,"Individual Development Account Program: Manages individual development accounts with matching funds for education, home-buying, or starting a small business; low-income; classes required."
Soundtraining.net,IT Training,(206) 988-5858,Box 1321,Seahurst,98,http://www.soundtraining.net/,One and two-day seminars and workshops for IT Professionals.
Seattle Language Academy,Education,(206) 325-4109,126 NW Canel Street #10,Seattle,9810,http://www.sealang.com,Call for information
Seattle University,Education,(206) 296-2000,900 Broadway,Seattle,981,http://www.seattleu.edu,"Title IV Code: 003790. Programs Offered: Accounting, Business Administration--Accounting, Professional Accounting, Anthropology, Applied Mathematics"
Check Ride Drivers Training Services,Commercial Driving,(425) 136,32 NE 177th Place,Woodinville,W,http://www.check-ride.com,"Commercial Driving: Commercial Truck Driver (CDL Class A), Commercial Truck Driver (CDL Class B)"
Court Reporting Institute and Agency,Education,(206) 363-8300,929 N 130th Street Ste 2,Seattle,9813,,Title IV Code: 030522
Pacific Maritime Institute (PMI),Maritime Training,(888) 893-7829,1729 Alaskan Way South,Seattle,981,http://www.mates.org,Ship Officers training programs available
Metropolitan Pilates Instructor Training Program,Fitness and Wellness,(206) 525-9900,2688 NE 49th Street,Seattle,981,http://www.metropolitanpilates.com,Exercise Science - Pilates Instructor Training Program
Bon Vivant School of Cooking,Culinary Arts,(206) 525-7537,4925 NE 86th Street,Seattle,9811,http://www.bon-vivant.com/,Call for information
"Cortiva Institute - Seattle, School of Massage Therapy",Massage Therapy,(206) 282-1233,160 Roy Street,Seattle,9810,http://www.cortiva.com/locations/seattle/,Title IV Code: 030990
BodyMind Academy,Health and Wellness,(425) 635-0145,12623 NE 110th Street,Kirkland,9,http://www.bodymind-academy.com,"Programs Available: Exercise Science, Fitness and Nutrition Consultant, Hypnotherapy, Massage Therapy"
Floral Design Institute,Arts and Crafts,1-800-819-8089,14350 NE 21st Street,Bellevue,98,http://www.floraldesigninstitute.com/,Title IV Code: 026062
Cascadia Community College,Education,(425) 352-8000,18345 Campus Way NE,Bothell,980,http://www.cascadia.ctc.edu/,"Programs Offered: Accounting, Computer Animation, Computer Applications, Computer Network Technology"
A.C.E. Language Institutes,Language Education,(206) 281-2106,319 West Nickerson Street,Seattle,9119,www.cultural.org,Trade School
Central Washington University - Lynnwood,Education,(425) 640-1574,20022 - 68th Avenue,Lynnwood,,http://www.cwu.edu/lynnwood,"Programs Offered: Accounting, Business Administration, Criminal Justice and Law Enforcement, Elementary Education"
Academy for Coach Training,Professional Development,(425) 401-0309,"16301 NE 8th Street, Suite",Bellevue,9,http://www.LYVcoaching.com,Organizational Leadership - Coach Certification Program
Childrens Institute for Learning Difference,Education,(206) 232-8680,4030 86th Ave SE,Mercer Island,W,,"Evaluation services for children with disabilities, including consultation, counseling, educational assessment and placement recommendations."
City of Seattle - Human Services Department - Youth Development and,Education,(206) 386-1042,810 3rd Ave 4th Floor,Seattle,9810,,"GED Program: Provides comprehensive GED and job skills training for Seattle youth, ages 16 - 21. Upward Bound Program: Helps prepare low-income or first-generation Seattle youth for post-secondary education."
City University,Education,(425) 637-1010,11900 NE First Street,Bellevue,9,http://www.cityu.edu,"Programs: Accounting, Business Administration, Business Computer Science, Business Management"
City University - North Seattle,Education,(206) 364-4228,"2150 North 107th, Suite 3",Seattle,981,http://www.cityu.edu,"Programs Offered: Accounting, Business Administration, Finance"
City University - Renton,Education,(425) 204-2000,555 South Renton Village,Renton,980,http://www.cityu.edu,"Programs Offered: Business Administration, Business Computer Science, Clinical Psychology"
City Year,Community Service,(206) 219-5010,309 23rd Ave S,Seattle,9814,http://www.cityyear.org/seattle.aspx,"Engages young adults, 17 - 24, in full-time community service."
Classic Helicopter Corporation,Aviation,(206) 767-0515,6505 Perimeter Road,Seattle,981,http://www.ClassicHelicopterCorp.com,Aircraft Pilot - Various certifications available
Construction Industry Training Council,Construction Trades,(425) 454-2482,1930 - 116th Avenue NE,Bellevue,9,http://www.citcwa.org,"Programs Available: Carpentry, Electrician, Heating, Refrigeration, and Air Conditioning Maintenance, Heavy Equipment Operator"
Cornish College of the Arts,Art,(206) 726-5151,1000 Lenora Street,Seattle,981,http://www.cornish.edu,"Also at: 710 East Roy Street Seattle, WA 98102, Title IV Code: 012315, Programs offered: Art, Video Art [BFA], Art [BFA]"
Center for Career Alternatives,Education,(206) 322-9080,901 Rainier Ave S.,Seattle,9814,,Middle School Re-Entry Program: Conducts a re-entry program into the Seattle school district for expelled youth; This is NOT an alternative school.
Everest College (formerly Ashmead College),Healthcare,(206) 440-3090,"2111 Northgate Way, Sui",Seattle,981,http://www.everest.edu/campus/seattle?d,"Exercise Science, Fitness Trainer Program [Cert], Massage Therapy, Aromatherapy and Spa Specialist [Cert], Clinical and Sports Massage Specialist [Cert], Professional Licensing Program [Cert]"
Blue Ribbon Cooking and Culinary Center,Culinary Arts,(206) 328-2442,2501 Fairview Ave. E,Seattle,9810,http://www.blueribboncooking.com/,Call for information
Blackjack Academy,Gaming Operations,(206) 988-5018,15505 - 1st Ave. South,Burien,981,http://blackjackacademy.netfirms.com,"Floor Training [Cert], Pit Games [Cert], Poker 1 [Cert], Poker 2 [Cert]"
National Black Child Development Institute - Seattle Affiliate,Education,(206) 723-8105,,Seattle,WA,,Awards two scholarships for tuition and books annually; Offers Spirit of Excellence Award to high school student volunteer.
Bellevue Massage School Center for Healing Arts,Massage Therapy,(425) 641-3409,"15921 NE 8th, #C106",Bellevue,9,http://www.bellevuemassageschool.com,"Massage Therapy Professional Licensing Program (541-Hour) [Cert], Professional Licensing Transfer Student Program (513-Hour) [Cert]"
Bellevue Community College,Education,(425) 564-1000,3000 Landerholm Circle,Bellevue,98,http://bellevuecollege.edu/,"Title IV Code: 003769, Career Education Options (CEO): Provides tuition, books, and fees for occupational programs; Offers career education classes and workshops"
Bellevue Beauty School,Cosmetology,(425) 643-0270,14045 NE 20th Street,Bellevue,9,http://www.bellevuebeautyschool.com/,"Title IV Code: 014618, Cosmetology [Dipl], Instructor Student Training [Dipl]"
Bastyr University,Healthcare,(425) 602-3330,14500 Juanita Drive NE,Kenmore,9,http://www.bastyr.edu,"Programs offered: Acupuncture and Oriental Medicine, Acupuncture and Oriental Medicine [MS], Acupuncture [MS], Chinese Herbal Medicine [Post-Master's Cert], Doctor of Acupuncture and Oriental Medicine [DAOM], Natural Health Sciences/Acupuncture and Oriental M"
Seattle Bartending School Admissions,Hospitality,(425) 13208,"NE 20th Street, Su",Bellevue,9,http://www.seattlebartendingcollege.com,"Mixology/Commercial Bartending, Mixology [Dipl]"
A Professional Gaming Institute,Gaming Operations,(425) 235-5655,221-C South 4th Place,Renton,980,http://www.dealerschool.org/,"Casino and Gaming Operations, Craps Dealer Training [Cert], Floor Supervisor Training [Cert], Pit Dealer Training [Cert], Poker Dealer Training [Cert], Roulette Dealer Training [Cert]"
Auburn School District,Education,(253) 931-4999,915 4th St NE,Auburn,980,,Native American Education: Conducts Native American education program for district students.
"Cascade Beauty College, LLC",Cosmetology,(425) 226-2457,17160 - 116th Avenue SE,Renton,980,,"Programs Available: Barbering [Cert], Cosmetology [Cert], Esthetics [Cert], Instructor Training [Cert], Manicurist [Cert]"
Artwerks by Nancy Fulton,,(206) 248-6837,19624 Marine View Dr. S,Normandy Park,,www.artwerkstudio.com,Call for information
Arts Umbrella,,(425) 485-7422,720 238th Street SE #C,Bothell,980,www.arts-umbrella.com,Call for information
Art Institute of Seattle,Art and Design,(206) 448-6600,2323 Elliott Avenue,Seattle,981,http://www.artinstitutes.edu/seattle/,"Title IV Code: 016210, Programs Offered: Apparel Design, Fashion Design [AAA], Baking, Baking and Pastry [Dipl], Computer Animation, Animation Art and Design [AAA], Media Arts and Animation [BFA], Culinary Arts, Culinary Arts [AAA]"
Argosy University Seattle,Education,(206) 283-4500,2601-A Elliott Avenue,Seattle,981,http://www.argosy.edu,"Programs Available: Business Administration, Business Administration [DBA, MBA], Completion Program in Business Administration [BS], Clinical Psychology, Clinical Psychology [MA, PsyD], Completion Program in Psychology [BA], Counseling Psychology [EdD]"
Antioch University - Seattle,Education,(206) 268-4202,2326 - 6th Avenue,Seattle,981,http://www.antiochseattle.edu,"Programs Offered: Business Administration, Graduate Management [MS], Clinical Psychology, Clinical Psychology [PsyD], Psychology--Art Therapy (Post-Graduate Certification) [Cert], Psychology--Art Therapy [MA], Psychology--Child, Couple, and Family Therapy [M"
Anthony's Beauty School,Cosmetology,(206) 723-5223,1237 South Jackson Street Suite B and C,Seattle,981,,"Programs Available: Barbering [Cert], Cosmetology [Cert], Esthetician [Cert], Instructor Trainee [Cert], Manicurist [Cert]"
American Sign Language and Interpreting School of Seattle,Education,(206) 860-3503,"1820 East Pine Street, Sui",Seattle,981,http://www.aslis.org,"Mailing Address: PO Box 31468, Seattle, WA 98103, Sign Language Interpreter Training, ASL (Three-Year Program) [Cert], Interpreter One-Year Program [Cert]"
American College Professional Education,,(206) 244-3459,15439 53rd Ave. South,Tukwila,98,,"Accepts FASA, Title IV Code 031266"
Amasia College,Education,(206) 682-2423,519 Sixth Avenue South,Seattle,981,,"Programs Available: Accounting (1- or 2-year Program), Accounting [Dipl], Business Management, Business Management [Dipl], Business Technology, Management Information [Dipl], Computer Applications, Business Computer [D]"
Barbizon School of Modeling,Modeling and Acting,(206) 1525,"4th Avenue, Suite 5",Seattle,981,http://www.barbizonmodeling.com,"Programs Available: Modeling and Finishing, Modeling and Personal Development [Cert], Theatre Arts, Acting [Cert]"
HopeLink - Kirkland,Education,(425) 889-7880,13013 NE 65 St,Kirkland,98,http://www.hope-link.org/gethelp/adulted,Provides school supplies to children of low-income families; Must be a food bank client; Sign-up with food bank; Items are distributed last week of August.
King County Department of Community and Human Services - Work Training,Social Services,(206) 205-6765,821 2nd Ave - Suite 500,Seattle,9810,,"New Start: Promotes high school completion, post-secondary education, future employment, and avoiding contact with justice system. Serves ages 14 - 24 in Highline area."
Kenmore Air,Aviation,1-800-543-9595 x2,6321 NE 175th Street PO Box 82064,Kenmore,9,http://www.kenmoreair.com,"Aircraft Pilot, Commercial Single-Engine Sea Rating [Cert], Private Single-Engine Sea Rating [Cert]"
Kamanga CNA Training,Healthcare,(206) 271-1946,22659 Pacific Highway S Suite 301,Des Moines,WA,http://www.kamanganursing.com/,"Nursing Assistant, Nursing Assistant [Cert]"
ITT Technical Institute - Seattle,Education,(206) 244-3300,"12720 Gateway Drive, Su",Seattle,981,http://www.itt-tech.edu,"Title IV Code: 008443, Programs Offered: Visit the school's website for program information."
Monart School of Arts,,(206) 760-3797,195 Front Street North,Issaquah,98,www.issaquahdraw.com,Call for information
International Beauty College - Lynnwood Campus,Cosmetology,(425) 673-1755,"4001 198th Street SW, #1",Lynnwood,,,"Programs Available: Barbering [Dipl], Cosmetology [Dipl], Esthetician [Dipl], Manicurist [Dipl]"
International Beauty College,,(206) 723-6337,9433-9437 Rainier Avenue,Seattle,981,,Call for information
Institute for Therapeutic Learning,Therapeutic Services,(206) 783-1838,PO Box 17229,Seattle,981,http://www.findingtruemagic.com,"Hypnotherapy and Alternative Treatments, Advanced Certification [Cert], Independent Study/Tutorial Certification [Cert], Transpersonal Clinical Hypnotherapy/NLP [Cert]"
Kirkland Beauty School,,(425) 487-0437,10702 NE 68th Street,Kirkland,98,http://www.kirklandbeautyschool.com/,Title IV Code: 014089
HopeLink - Shoreline,Food Assistance,(206) 440-7300,15809 Westminster Way,Shoreline,9,http://www.hope-link.org/gethelp/adulted,Provides school supplies to children of low-income families; must be a food bank client; Sign-up with food bank; Items are distributed last week of August.
Kirkland Arts Center,,(425) 822-7161,620 Market Street,Kirkland,98,http://www.kirklandartscenter.org,Call for information
Crawford Nautical School,,(206) 667-9377,353 Alaskan Way South,Seattle,981,http://www.crawfordnautical.com,"Mailing Address PO Box 4890, Seattle, WA 98194 Programs Available -Ship Officers Celestial-In Lieu of Exam [Cert] Master 100/OUPV [Cert] Master 200GT [Cert] Master/Mate Fishing [Cert] OUTV to Master 200GT [Cert] Radar--One, Three, or Five Day [Cert] R"
Brudvik School of Refrigeration,,(425) 771-6024,20926 - 63rd Avenue We,Lynnwood,WA,,"Heating, Refrigeration, and Air Conditioning Maintenance Air Conditioning/Refrigeration [Cert]"
Highline Community College,,(206) 878-3710,2400 S 240th St,Des Moines,WA,http://www.highline.edu,"Title IV Code: 003781 South 240th Street and Pacific Highway South Women and Working Parents Program: Advises and supports women entering college or work force; offers Women's Resource Center, displaced homemaker programs, and Working Parents program."
Heritage University - Seattle Site,,(206) 764-5371,c/o South Seattle C.C. 6000 16th Aven,Seattle,981,http://www.heritage.edu,Programs Offered -Accounting (1- or 2-year Program) Accounting Technician [Cert] -Accounting (4- or 5-year Program) Accounting [BS] -American Studies American Cultural Studies [BA] -Art Visual Art [BA] -Biology Biology [BS] -Business Administration
Greenwood Academy of Hair,,(206) 782-0220,8501 Greenwood Avenue,Seattle,981,http://www.gahseattle.com/,Title IV Code: 013822 Cosmetology Cadet Instructor Training [Dipl] Cosmetology [Dipl] Estiology [Dipl]
Green River Community College - Kent Campus,,(253) 856-9595,841 North Central Avenu,Kent,98032,http://www.greenriver.edu/kent/,Programs Offered -Business Management Project Management [Cert] Supervision [Cert] -Computer and Information Systems Security Cisco Certified Security Professional [Cert] Security+ [Cert] -Computer Applications Desktop Applications Training [Cert] -Co
Green River Community College,,(253) 833-9111,12401 SE 320th St,Auburn,980,http://www.greenriver.edu,"Title IV Code: 003780 Offers Adult Basic Education, English as a Second Language, and citizenship programs; GED test administered; tutoring for students. Assists with career and educational planning."
Green River Community College - Enumclaw Campus,,(253) 288-3400,1414 Griffin Avenue,Enumclaw,WA,http://www.greenriver.edu/enumclaw/,"Programs Offered -Accounting (1- or 2-year Program) Accounting Clerk [Cert-P] Accounting [AAA, Cert-P] -Administrative Assistant/Secretarial Administrative Assistant [AAA, Cert-P] -Adult Basic Education Adult Basic Education -Aircraft Dispatcher Aviat"
HopeLink - Sno-Valley,Food Assistance,(425) 333-4417,31957 E Commercial St,Carnation,9,http://www.hope-link.org/gethelp/adulted,Provides school supplies to children of low-income families; must be a food bank client; Sign-up with food bank; Items are distributed last week of August.
Embry-Riddle Aeronautical University - SeattleAdmissions,,"(206) 1300 SW 7th Street, Suite",Renton,WA,980,http://worldwide.erau.edu/campuses-onli,"Main Campus: Embry-Riddle Aeronautical University 600 South Clyde Morris Boulevard Daytona Beach, FL 32114-3900 (386) 226-6910 or (800) 862-2416 Programs Offered -Aviation Maintenance Aircraft Maintenance [Assoc] -Aviation Management Aeronautical Sci"
Central Washington University - Des Moines,,(206) 439-3800,"2400 South 240th Street Building 29, Ro",Des Moines,WA,http://www.cwu.edu/desmoines/,"Mailing Address: PO Box 13490 Des Moines, WA 98198 Programs Offered -Accounting (4- or 5-year Program) Accounting [BS, MPA] -Aircraft Pilot Flight Technology--Commercial Pilot [BS] Flight Technology--Flight Officer [BS] -Anthropology Anthropology--Mu"
Daniel Delon Beauty Academy,,(206) 322-3529,1400 South Jackson Stree,Seattle,981,http://www.danieldelon.com/,Cosmetology Cosmetology [Cert] Esthetician [Cert] Instructor Training [Cert] Manicuring [Cert]
Dental Assistant Training Center,,(206) 522-7320,"3216 NE 45th Place, Suit",Seattle,981,http://www.dentalassist.com,Dental Assisting Dental Assisting [Cert]
DeVry University - Federal Way/Seattle,,(253) 943-2810,"Student Government Federal Way, W",,,http://www.devry.edu/federalway,"Main Administrative Office: DeVry Institutes One Tower Lane Oakbrook Terrace, IL 60181-4624 (630) 571-7700 or (800) 295-8694 Programs Offered -Accounting (4- or 5-year Program) Accounting and Financial Management [Mstr, Mstr(dl)] Business Administrati"
DigiPen Institute of Technology,,(425) 558-0299,5001 - 150th Avenue NE,Redmond,9,https://www.digipen.edu,Programs offered -Computer Animation 3-D Computer Animation [AAA] Production Animation [BFA] -Computer Engineering Computer Engineering [BS] -Computer Programming Real-Time Interactive Simulation [BS] -Computer Science Computer Science [MS]
"Divers Institute of Technology, Inc.",,1-800-634-8377,4315 - 11th Avenue NW P.O. Box 70667,Seattle,981,http://www.diversinstitute.com,Title IV Code: 011481 Diving Technology Professional Commercial Diving [Cert]
Dominion College,,(206) 878-1010,22323 Pacific Highway PO Box 98600,Seattle,981,,Program Offered -Ministry Leadership Development [Cert]
Earthwalk School of Energy Healing,,(425) 788-9523,15620 NE Woodinville-D,Woodinville,W,http://www.earthwalkschool.com,Hypnotherapy and Alternative Treatments Animal Energy Healing [Cert] Energy Healer and Vibrational Medicine Practitioner [Cert] Gemstone Energy Healing Program [Cert]
Kepler College,,(425) 673-4292,4630 - 200th Street SW,Lynnwood,WA,http://www.kepler.edu,"Programs offered -Astrological Studies Astrological Studies [BA] Eastern and Western Traditions: History, Philosophy, and Transmission of Astrology [MA] History and Symbology of Astrology [AA] Mythology and Archetypal Astrology [BA]"
Edmonds Community College,,(425) 640-1459,20000 - 68th Avenue We,Lynnwood,,http://www.edcc.edu,"Title IV Code: 005001 Programs Offered -Accounting (1- or 2-year Program) Accounting [ATA, Cert] -Administrative Assistant/Secretarial Office Technology--Administrative Assistant Financial Specialist [ATA] Office Technology [ATA, Cert] -Adult Basic E"
Lake Washington Technical College,,(425) 739-8100,11605 - 132nd Avenue N,Kirkland,9,http://www.lwtc.edu/,Programs Offered -Accounting (1- or 2-year Program) Accounting Assistant [Cert] Accounting Paraprofessional [Cert] Accounting [AAS] Practical Accounting [Cert] -Administrative Assistant/Secretarial Administrative Assistant--Human Resources [Cert] Admini
Gene Juarez Academy North,,(206) 365-6900,10715 - 8th Avenue NE,Seattle,981,http://www.genejuarezacademy.com,Cosmetology Cosmetology [Dipl] Instructor Training [Dipl] Manicuring [Dipl]
Lutheran Bible Institute,,,4221 228 S.E. Providence,Issaquah,98,,Title IV Code: 013525
Golden Gate University - Seattle,,(206) 622-9996,"1425 - 4th Avenue, Suite",Seattle,981,http://www.ggu.edu/about/Locations/Sea,"Main Campus: 536 Mission Street San Francisco, CA 94105 (415) 442-7800 Programs Offered Accounting (4- or 5-year Program) Taxation [MS]"
Gene Juarez Academy Advanced Training Salon,,(206) 622-6611,1901 4th Ave,Seattle,9810,,Title IV Code: 013926
Floral Design Institute,,1-888-889-9464,"911 Western Avenue, #5",Seattle,981,http://www.floraldesigninstitute.com,Floral Design Advanced Floral Design [Cert] Basic Floral Design [Cert]
Gene Juarez Academy South,,(253) 839-4000,2222 South 314th Street,Federal Way,W,http://www.genejuarezacademy.com,Cosmetology Cosmetology [Dipl] Instructor Training [Dipl] Manicuring [Dipl]
Maser's Academy of Fine Grooming,,(425) 485-1500,6515 NE 181st PO Box 82344,Kenmore,9,http://www.masers.com,Pet Grooming Professional Pet Grooming--Extended Learning Course [Cert] Professional Pet Grooming [Cert] Ten-Day Introductory Class [Cert]
"Galvin Flying Service, Inc.",,1-800-341-4102,"7149 Perimeter Road, Bo",Seattle,981,http://www.galvinflying.com,Aircraft Pilot Airline Transport Pilot [Cert] Commercial Pilot [Cert] Flight Instructor [Cert] Instrument Flight Instructor [Cert] Instrument Pilot Rating [Cert] Multi-Engine Instructor [Cert] Multi-Engine Rating [Cert] Private Pilot [Cert] Recreational P
Fuller Theological Seminary - Seattle,,1-800-238-5537,"101 Nickerson, Suite 330",Seattle,981,http://www.fuller.edu/cll/fnw/,"Main Campus: 135 North Oakland Avenue Pasadena, CA 91182 (800) 238-5537 Programs Offered -Ministry Christian Leadership [MA] Theological Studies [MDiv, MA] Youth Ministry [Cert] -Religious Studies Christian Studies [Cert]"
Franklin Institute of Sales,Marketing,(877) 361-9778,3312 NE 202nd Street,Seattle,981,http://www.franklininstituteofsales.com,"Professional Salesmanship and Career Development, Professional Salesmanship, Resources Employment"
Peace for the Streets by Kids from the Streets,Lasting Employment Advancement Program,(206) 726-8500,1814 Summit Ave,Seattle,98122,,"Provides youth work experience and personal responsibility through agency internships, with job placement for successful interns, money management workshops"
Pioneer Human Services,Work Release Facilities Employment and Training,(206) 762-7737,7000 Highland Parkway,Seattle,98106,http://www.pioneerhumanserv.com,"Work Release Facilities employment and training-to-placement, housing and support services"
Officeteam - Bellevue,Temporary Agency,(425) 957-7222,13810 Southeast Eastgate Suite 100,Bellevue,98005,http://officeteam.com,
Neighborhood House - Rainier Vista,Employment and Education Department,(206) 461-8430,4410 29th Ave S,Seattle,98108,,"Offers bilingual employment assistance, ESL/citizenship classes, employment skills workshops, and after school tutoring; Serves Seattle public housing clients"
Neighborhood House - Yesler Terrace,Employment and Education Department,(206) 461-4522,825 Yesler Way,Seattle,98104,,"Offers bilingual employment assistance, ESL/citizenship classes, employment skills workshops, and after school tutoring; Serves Seattle public housing clients"
Nik's Janitorial,Temporary Agency,(253) 804-8408,1107 8th Street Southeast,Auburn,98002,,
Operation Sack Lunch,Education and Training in Food Industry,(360) 341-1309,First Presbyterian Church 7th Ave and Ma,Seattle,98104,,Provides education and training for low-income individuals who are committed to beginning a career in the food industry
Jubilee Womens Center,Learning and Technology Center,(206) 324-1244,620 18th Ave E,Seattle,98112,,Learning and technology center teaches computer skills to women in transition; Open to all low-income and homeless women in Seattle
"Parker Services Inc - Parker Professional Search, Seattle",Temporary Agency,(206) 447-9447,1420 5th Avenue Suite 1450,Seattle,98101,http://www.parkerservices.com,
Parker Services Inc - Bellevue,Temporary Agency,(425) 462-8050,11624 Southeast 5th Street Suite 102,Bellevue,98005,http://www.parkerservices.com,
Parker Professional Search and Consulting,Temporary Agency,(206) 223-8991,1501 4th Avenue,Seattle,98101,,
Parker - Tacoma,Temporary Agency,(253) 272-0979,,Bellevue,98004,http://www.parkerservices.com,
Pacific Associates - Training and Employment Services,Employment Training and Assistance,(206) 728-8826,1833 N 105 St Suite 305,Seattle,98133,,"Offers assistance to obtain employment training through local community and technical colleges or through on-the-job training; Provides adult employment planning, career assessment, vocational training services, and job search assistance"
Pacific Associates,Job Training and Placement,(206) 728-8826,4700 42nd Avenue South Room 530,Seattle,98116,http://www.pacassoc.com,Job training and placement
Pace Staffing Network - Seattle,Temporary Agency,(206) 623-1050,2200 6th Avenue Suite 104,Seattle,98121,http://www.pacestaffing.com,
Pace Staffing Network - Kent,Temporary Agency,(425) 251-1200,19011 68th Avenue South,Kent,98032,http://www.pacestaffing.com,
Pace Staffing Network - Bothell,Temporary Agency,(425) 338-5416,16000 Bothell Everett Highway,Bothell,98012,http://www.pacestaffing.com,
Pace Staffing Network - Bellevue,Temporary Agency,(425) 455-9611,606 120th Avenue North,Bellevue,98005,http://www.pacestaffing.com,
Office Partners,Temporary Agency,(425) 450-1991,500 108th Avenue North,Bellevue,98004,http://www.officepartnersinc.com,
Orion Industries,Work Skill Training,(253) 661-7678,33926 9th Ave South,Federal Way,98003-,,Provides work skills training at a manufacturing site for persons with disabilities in vocational rehabilitation; Vocational Rehabilitation Counseling: Counsels to assess personal strengths and interests and identifies barriers
North Seattle Community College,Career Planning and Job Skills Training,(206) 527-3743,9600 College Way North,Seattle,98103-,,"Offers career planning, job skills training and job placement for out-of-school youth ages 16 - 20; Offers vocational, academic, continuing and remedial education classes; Offers a variety of support and educational programs for families"
On-the-Job Injuries - Advocacy for Injured Workers,Vocational Rehabilitation,(425) 827-8368,10829 NE 68th St Suite C,Kirkland,98033,,Works with vocational rehabilitation counselors to ensure clients receive adequate services
On-Assignment Healthcare Staffing,Employment Opportunities,(206) 625-3002,900 4th Avenue,Seattle,98164,,Certain convictions may prevent ex-offenders from obtaining employment in certain positions
On Staff,Temporary Agency,(425) 822-3859,3001 112th Avenue North,Bellevue,98004,http://www.onstaff.com,
Olympic Staffing Service,Temporary Agency,(253) 852-5359,205 East James Street,Kent,98032,,
Office Partners,Temporary Agency,(425) 943-7720,601 108th Avenue North,Bellevue,98004,http://www.officepartnersinc.com,
Office Nerds,Temporary Agency,(425) 274-7005,40 Lake Bellevue Drive Suite 350,Bellevue,98005,http://www.officenerds.com,
Office Careers,Clerical Training,(425) 255-3317,919 SW Grady Way #245,Renton,98055,,"Assessments, Evaluations, Classes and Job Placement: Offers clerical training for people with mental illness or physical disabilities at school or at home"
Nuwest Group Inc,Temporary Agency,(425) 602-5700,13010 North East 20th Suite 100,Bellevue,98005,http://www.pugetsoundstaffing.com,
Nuprecon Inc,Labor Union,(425) 881-0623,35131 Southeast Center Street,Snoqualmie,98065,http://www.nuprecon.com,"Labors and operators union #242, #252, #292, and #440"
"Nuprecon, Inc. EWR",,(425) 952-2948,,,,,
Northwest Child Extended Day Program,Educational Program for Children with Disabilities,(206) 526-2493,1823 North 85th Street,Seattle,98103,,"Conducts a supplemental educational program for children, 7 - 21, with physical or developmental disabilities"
Northwest Center,Employment and Training Program,(206) 285-9140,7272 W Marginal Way S,Seattle,98108,,Provides on-the-job training for adults with developmental disabilities over age 21.
Northshore Community Service Center - King County Community,County Government Services,(206) 296-9840,,Seattle,,,"Provides licensing, property tax services, and voter registration."
Orm Staffing,Temporary Agency,(253) 872-9300,,Kent,98032,,
Insurance Overload Systems,Temporary Agency,(425) 226-0395,,Renton,98057,http://www.insuranceoverload.com,
Job Service Centers (Belltown),,(206) 464-6449,2106 2nd Ave,Seattle,98121,,Call or write for more information.
Job Corps - Seattle,Job Training and Placement Services,(206) 622-6593,157 Yesler Way Suite 400,Seattle,98104,http://www.jobcorps.doleta.gov,"Offers GED preparation, food, housing, medical, and dental care."
Jewish Family Service - Seattle,Career and Job Finding Guidance,(206) 461-3240,1601 16th Ave,Seattle,98122,,"Provides assistance with resume writing, interviewing techniques, and job search strategy planning."
IT Network,,(425) 497-8800,8250 165th Ave NE,Redmond,98052,http://www.itnetwork-staffing.com,NOT a temp agency.
Intrepid USA Staffing Services,Temporary Agency,(425) 291-9124,1101 Andover Park West Suite 104,Tukwila,98188,,
International Rescue Committee - Seattle,Immigration Assistance,(206) 623-2105,318 1st Ave S Suite 200,Seattle,98104,,"Provides immigration and family reunification assistance, social services, and employment services for State Department assigned refugees only."
International Rescue Committee - SeaTac,Immigration Assistance,(206) 431-0333,15027 Military Road S Upper Terrace #,SeaTac,98188,,"Provides immigration and family reunification assistance, social services, and employment services for State Department assigned refugees only."
International Medical Group Inc,Temporary Agency,(425) 825-8355,9612 17th Ave SW Suite 23,Seattle,98106,,
Interaction Transition,Assistance for Ex-Offenders,(206) 324-3932,935 16th Ave,Seattle,98122,,"Assists ex-offenders with housing, employment, and social support."
Intelistaf Healthcare,Temporary Agency,(425) 254-1066,2201 Lind Avenue South,Renton,98057,http://www.intelistaf.com,
Integrated Medical Systems,Temporary Agency,(425) 226-0707,,Renton,98057,,
Kelly Home Care Services,Temporary Agency,(206) 368-7667,10740 Meridian Avenue Suite 210,Seattle,98133,http://kellyhomecare.com,
Insurance Staffing Inc,Temporary Agency,(206) 728-1404,2200 6th Avenue Suite 407,Seattle,98121,http://www.insurancestaffinginc.com,
Kelly Services - Bellevue,Temporary Agency,(425) 454-7230,40 Lake Bellevue Drive Suite 240,Bellevue,98005,http://www.kellyservices.com/yp,
Human Resources Inc. - Renton,Temporary Agency,(425) 228-2289,451 Southeast 10th Street,Renton,98057,http://www.humanresourcesinc.com,
Human Resources Inc. - Mercer Island,Temporary Agency,(206) 236-8094,,Mercer Island,98040,http://www.humanresourcesinc.com,
Human Resources Inc. - Kirkland,Temporary Agency,(425) 823-8005,12229 120th Avenue Nor,Kirkland,98034,,
Human Resources Inc. - Bellevue,Temporary Agency,(425) 889-9070,3000 Northup Way Suite 103,Bellevue,98004,,
Human Resources Inc. - Auburn,Temporary Agency,(253) 801-3477,2 Auburn Way North Suite 102,Auburn,98002,,
Hopelink - Sno-Valley,Assistance in Finding Permanent Employment,(425) 333-4163,31957 E Commercial St,Carnation,98014,,Assists Sno-Valley residents in preparing for and finding permanent employment.
Highline School District,Special Education Services,(206) 433-2318,15675 Ambaum Blvd SW,Burien,98166,,"Provides instruction for students receiving special education services, ages 17 - 21."
Highline Community College,Degree Programs and Job Training,(206) 878-3710 ext 2400,S 240th St,Des Moines,98198-,,"Offers 2-year degree programs, post-secondary education, academic and vocational degrees; provides job training and career counseling."
Highline - West Seattle Mental Health Center - West Seattle,Employment Program for Mental Health Issues,(206) 241-0990,2600 SW Holden St,Seattle,98126,,Provides full-service employment program for individuals with mental health issues.
Highline - West Seattle Mental Health Center - Burien,Pre-Employment Skills and Support Services,(206) 241-0990,1010 S 146th St,Seattle,98168,,"Offers pre-employment skills, job development, and support services."
Pioneer Human Services,Training and Work Experience for Ex-Offenders,(206) 768-1990,7440 W Marginal Way,Seattle,98108,,"Provides training, work experience, and benefits for ex-offenders, substance abusers, and individuals with employment challenges."
WorkSource - Redmond,Job Placement Services,(425) 861-3700,7735 178th Place N.E.,Redmond,98502,http://www.worksourceskc.org,"Provides job openings, job matching system, and employer services for job seekers."
Integrated Management Systems,Temporary Agency,(425) 204-9509,15 South Grady Way,Renton,98057,,
Marketfitz Inc,Temporary Agency,(206) 624-7470,400 North 34th Street Suite 204,Seattle,98103,http://www.marketfitz.com,
Neighborhood House - High Point,Employment and Education Assistance,(206) 461-8430,6564 32nd Ave SW,Seattle,98126,,"Offers bilingual employment assistance, ESL/citizenship classes, and after school tutoring for public housing clients."
National Asian Pacific Center on Aging,Training and Employment,(206) 624-1221,"1511 3rd Ave Region X, Suite",Seattle,98101,,"Provides training and employment for Asian Pacific adults, ages 55 and older; Participants are paid minimum wage during training."
Nail Zone,Temporary Agency,(253) 887-8507,620 Auburn Way South,Auburn,98002,,
Multi-Service Center - Kent,Job Readiness Classes,(253) 838-6810,515 W Harrison St Suite 205,Kent,98032,,Offers job readiness classes and information on career and job search topics.
Multi-Service Center - Federal Way,Job Readiness Classes,(253) 838-6810,1200 S 336th St,Federal Way,98003,,Offers job readiness classes and information on career and job search topics.
Muckleshoot Indian Tribe - Muckleshoot Tribal College - MOST Program,Occupational Skills Training,(253) 876-3183,39811 Auburn Enumclaw,Auburn,98092,,Muckleshoot Occupational Skills Training (MOST): Offers state-certified training for various roles and GED tutoring and testing.
Morgen Design Inc,Temporary Agency,(425) 251-0999,6617 South 193rd Place,Kent,98032,,
Mor / ORM Staffing,Temporary Agency,(206) 763-3771,5700 6th Avenue South Suite 220,Seattle,98108,http://www.ormstaffing.com,
"Molly Brown Temps, Inc.",Temporary Agency,(425) 883-2427,12727 Northup Way,Bellevue,98005,http://www.mollybrowntemps.com,
Minzel and Associates,Temporary Agency,(206) 328-5100,157 Yesler Way,Seattle,98104,,
"Millionair Club Charity, Inc.",Day Labor Employment,(206) 728-5627,2515 Western Avenue,Seattle,98121-,http://www.millionairclub.org,"Coordinates day labor employment for men and women; must have valid photo ID and Social Security card to enroll. Offers workers bus tokens, hygiene facility, and assistance in job search."
Mercer Island Youth and Family Services,Job Search Assistance,(425) 739-8113,2040 84th Ave SE,Mercer Island,98040,,"Offers job search assistance, job posting, career planning workshops, and some services for the general public."
Kelly Healthcare Resources,Temporary Agency,(425) 746-4092,3625 132nd Avenue SE,Bellevue,98006,,
Master Builders Care Foundation,Women's Participation in Building Industry,(425) 451-7920,335 116th Ave SE,Bellevue,98004,,"Increases women's participation in the building industry through education programs, providing mentors, and forming coalitions."
Kelly Scientific Resources,Temporary Agency,(425) 562-0451,3625 132nd Avenue SE,Bellevue,98006,http://www.kellyservices.com/yp,
Maritime Jobs,Ex-offender Employment,(206) 768-9314,74 South Lucile Street,Seattle,98134,,Ex-offenders may not be able to obtain employment.
"Manpower - Seattle Southwest, Tukwila",Temporary Agency,(206) 241-9005,12720 Gateway Drive Suite 103,Tukwila,98168,http://www.us.manpower.com,Temporary agency
King County Job Line,County Job Listing,(206) 296-5209,,Seattle,,,County job listing. Call for more information.
King County Human Resources Division,Job Openings Information,(206) 296-5209,"500 4th Ave, #4",Seattle,98104,,Maintains a jobline and website of current job openings; information is updated twice a week.
King County Housing Authority - Conventional Housing Program,Subsidized Housing,(206) 763-6922,600 Andover Park W,Seattle,98188-,,GreenBridge Career Development Center: Provides subsidized housing units for eligible low-income individuals and families. SW Seattle applications accepted at this site. YWCA operates career center.
King County Department of Community and Human Services - Work Training,Youth Employment Program,(206) 205-3510,821 2nd Ave - Suite 500,Seattle,98104-,,"YouthBuild Together: Offers construction training, GED preparation, basic skills for out-of-school young adults, ages 16 - 24. Promotes high school completion, post-secondary education, future employment, and avoiding contact with the justice system."
King County Department of Community and Human Services - Veterans,Veterans Job Counseling,(206) 296-7656,"Walthew Building 123 3rd Ave S, S",Seattle,98104,,Offers job counseling and vocational assessments for veterans.
Kent Youth and Family Services,Teen Drop-In Center,(253) 859-0300,232 2nd Ave S #201,Kent,98032,,"Teen Drop-In Center: Provides a multi-site drop-in program for South King County area teens, with a structured volunteer training program."
Kelly Services - Technical Division,Temporary Agency,(425) 746-2140,12600 Southeast 38th Str Suite 111,Bellevue,98006,http://www.kellyservices.com/yp,
Kelly Services - Seattle,Temporary Agency,(206) 382-7171,999 3rd Avenue,Seattle,98104,http://www.kellyservices.com/yp,
Kelly Services - Kent,Temporary Agency,(253) 395-3288,20819 72nd Avenue Sout Suite 120,Kent,98032,http://www.kellyservices.com/yp,
Neighborhood House - Park Lake Homes,Employment and Education,(206) 461-4554,422 SW 102 St,Seattle,98146,,"Employment and Education Department: Offers bilingual employment assistance, ESL/citizenship classes, employment skills workshops, and after school tutoring; Serves Seattle public housing clients."
Medical Contracting SRVC,Temporary Agency,(206) 405-1806,,Seattle,98101,,
Tradesmen International - Renton,Temporary Agency,(425) 204-0141,725 Powell Southwest,Renton,98057,,
Systems Research Inc,Temporary Agency,(425) 454-5885,1607 116th Avenue Nort Suite 101,Bellevue,98004,,
Vashon Youth and Family Services,Work Preparation Program,(206) 463-5511,20110 Vashon Hwy SW,Vashon,98070,,"Provides work preparation and skills assessment program for adults, in collaboration with community agencies."
Vashon Island Community Service Center - King County Community,Government Services,(206) 296-4510,,Vashon,98070,,"Provides county government services including licensing, property tax services, and passport applications."
Vadis,Employment Services,(425) 264-0888,723 SW 10th St Suite 200,Renton,98057,,Employment Services: Offers community-based employment services for developmentally disabled clients age 21 and older; A referral is needed.
University of Washington Medical Center - Rehabilitation Medicine,Vocational Counseling,(206) 543-3677,1959 NE Pacific St,Seattle,98195,,"Vocational Counseling: Offers evaluation of interests, aptitudes, and achievements, as well as a plan formulated for future vocational activities."
University of Washington - Office of Minority Affairs,Educational Opportunities,(206) 543-7132,Schmitz Hall 1400 NE Campu,Seattle,98195,,"Provides educational opportunities for underrepresented students and the economically and educationally disadvantaged; Includes tutoring, counseling, et cetera."
University of Washington - Medex Northwest,Training Program,(206) 616-4001,4311 11th Ave,Seattle,98105-,,"Offers training for physician assistants; four quarters of university coursework, two quarters of clinical rotations, and two quarters of preceptorship."
United Indians of All Tribes Foundation,Employment Services,(206) 325-0070,1945 Yale Pl. SE,Seattle,98102,,Employment and referral placement.
U.S. Department of Veterans Affairs - Regional Office,Education and Training,(800) 827-1000,915 2nd Ave Suite 1214,Seattle,98174-,,"Offers education and training programs for veterans including the GI Bill. Employment offices help eligible veterans find jobs by providing free job counseling, testing, placement services, and job training."
U.S. Department of Labor - Women's Bureau,Employment Opportunities,(206) 553-1534,1111 3rd Ave Room 925,Seattle,98101,,Promotes employment opportunities for ethnic minorities and women in non-traditional fields and high-tech fields; Advocates for equitable employment standards.
U.S. Department of Labor - Employment and Training Administration,Apprenticeship Programs,(206) 553-0076,1111 3rd Ave Suite 850,Seattle,98101-,,"Offers apprenticeship program information and promotion, and assistance with creating programs."
TRC Staffing Services,Temporary Agency,(425) 450-0077,11400 Southeast 8th Stre Suite 460,Bellevue,98004,http://www.trcstaff.com,
Veterans Independent Enterprises of Washington (VIEW),Vocational Rehabilitation and Transitional Services,(206) 721-4422,3411 S. Alaska Street,Seattle,98118,,"Work adjustment, work therapy, job placement assistance, transitional employment, and housing services for homeless veterans."
Transistions Inc,Temporary Agency,(206) 325-4353,514 12th Avenue Suite B,Seattle,98122,,
VMC Consulting,Temporary Agency,(425) 558-7700,11611 Willows Road Nor,Redmond,98052,http://www.vmc-consulting.com,
TRAC Associates - Tukwila,Employment Services,(206) 574-0863,545 Andover Park W Suite 211,Tukwila,98188,,"Matches employers to job seekers by providing job skills training, job placement services, and job retention services."
TRAC Associates - Seattle / The Return to Work Express,Job Placement Services,(206) 443-9999,1001 Broadway Suite 217,Seattle,98122,http://www.tracassoc.com,"Offers job readiness workshops, job skills training, job placement services, and job retention services through city, county, state, and federal programs."
TRAC Associates - Kent,Employment Services,(253) 856-8880,1209 Central Ave S Suite 142,Seattle,98032,,"Matches employers to job seekers by providing employment services; Services include job readiness workshops, job skills training, and job placement services."
Todays Office Staffing,Temporary Agency,(206) 467-1054,1501 4th Avenue,Seattle,98101,http://www.todays.com,
The Seattle Public Library - NewHolly,Education and Training,(206) 768-6642,7058 32nd Ave S Suite 104,Seattle,98118,,"Newholly Learning Center: Offers ABE, ESL classes, and GED preparation. Career Link Academy program provides vocational training for youth, ages 16-21."
Terra Resource Group,,(206) 405-3300,Seattle,Seattle,98101,http://terrasvc.com,Must call ahead! Applicant will be pre-screened on the phone and must be completely honest. They may then be asked to come into the office for an in-person interview. They will be drug tested upon referral to an employer.
Tender Loving Care Staff Builders,Temporary Agency,(206) 729-3900,2111 North Northgate W,Seattle,98133,http://www.staffbuilders.com,
Temporarily Yours Inc,Temporary Agency,(206) 386-5400,,Seattle,98104,http://www.tempyourseattle.com,
Temporarily Yours Inc,Temporary Agency,(425) 646-6610,,Bellevue,98004,http://www.tempyourseattle.com,
Technipower,Temporary Agency,(425) 646-3839,,Bellevue,98004,,
Talent Tree,Temporary Agency,(206) 343-0081,600 University Street Suite 1922,Seattle,98101,http://www.talenttree.com,
WorkSource - North Seattle,Employment Services,(206) 440-2500,12550 Aurora Ave N,Seattle,98133,http://www.wa.gov/esd/nseattle,"WorkSource Center Serving King County. Cares of Washington provides services to help people with disabilities obtain and keep jobs. Division of Vocational Rehabilitation assists people with disabilities to prepare for, obtain, and retain employment."
Transitional Resources,Job Placement Services,(206) 461-4584,2970 SW Avalon Way,Seattle,98126,,Provides work assessments and job placement services for mentally ill adults.
WorkSource - Downtown Seattle Affiliate,Employment Services,(206) 436-8668,2024 3rd Ave 2nd Floor,Seattle,98121,www.go2worksource.com,"WorkSource Affiliate Serving King County. King County Dislocated Worker Program offers career counseling, job search assistance, career development workshops, computer labs, and a resource library to dislocated workers."
YWCA of Seattle/King County Snohomish County - Working Zone,Education and Training,(206) 633-7901,4512 University Way NE Suite 103,Seattle,98105,,"Offers education, work-readiness training, and housing for out-of-home youth, ages 15-21."
YWCA of Seattle/King County Snohomish County - Opportunity Place,Employment Services,(206) 436-8650,2024 3rd Ave,Seattle,98121,,"Provides employment services, including assessments, educational and vocational counseling, ESL, GED preparation, financial aid assistance, and workshops."
YWCA of Seattle/King County Snohomish County - Family Village,Job Search Assistance,(425) 556-1352,16601 NE 80th St,Redmond,98052,,"Offers individual job-search assistance, workshops, support groups, job bank; Bus tokens for clients working or looking for work."
YWCA of Seattle/King County Snohomish County - East Cherry,Employment Counseling,(206) 461-3660,2820 E Cherry St,Seattle,98122,,Project Self Sufficiency offers welfare-to-work employment counseling and job readiness skills for low-income single parents.
YWCA Employment Service,Job Preparation,(206) 490-4344,1118 5th Ave,Seattle,98101,,"Job preparation, referral, and placement."
Youthforce,Pre-Employment Services,(206) 344-3310,1402 3rd Avenue Suite 430,Seattle,98101,http://www.youthforce.com,"Offers pre-employment services such as counseling, coaching, and individualized career goal setting; coordinates internships for high-achieving students."
YouthCare - Orion Multi-Service Center,Employment Training,(206) 622-5555,1828 Yale Ave,Seattle,98101,,"Offers employment training, counseling, and job placement for homeless and street youth, ages 12-21. Offers employment education, work-readiness, occupational therapy, support, and job placement assistance."
YMCA of Greater Seattle - South Seattle,Independent Living Program,(206) 749-7540,2100 24th Ave S Suite 250,Seattle,98144,,YMCA Independent Living Program assists young adults in their transition from the foster care system.
YMCA of Greater Seattle - Downtown Seattle,Youth Employment Support Services,(206) 382-5013,909 4th Ave S,Seattle,98104-,,"Youth Employment Support Services, job referral, counseling, skills training, support services, and job placement for low-income youth, ages 16-21."
WorkSource - South Seattle Affiliate,Business Services/Job Placement Services,(206) 436-8668,6000 16th Aven,Seattle,98106-,http://dept.seattlecolleges.com/sscccareer,WorkSource Affiliate Serving King County
WorkSource - Renton,Business Services/Job Placement Services,(206) 205-3500,919 SW Grady Way #125,Renton,98055-,http://www.wsrenton.org,Additional phone number for contact: (206) 205-3508 / Fax: (425) 271-0885
Northwest Temporary and Staffing Resources,Temporary Agency,(425) 453-2310,50 116th Avenue Southea Suite 111,Bellevue,98004,http://www.nwstaffing.com,Temporary Agency
Venturi Partners,Temporary Agency,(425) 467-1400,1300 114th Avenue Sout,Bellevue,98004,,
Helen Keller National Center for Deaf-Blind Youths and Adults,"Advocacy, Information and Referral",(206) 324-9120,1620 18th Ave Suite 201,Seattle,98122,,"Provides information, referral, consultation, and advocacy services related to deaf-blindness; Links people who are deaf-blind with services and training."
Support Services Inc,Temporary Agency,(206) 241-8731,457 Southwest 148th Stre Suite 204,Burien,98166,,
WorkSource - Bellevue Affiliate,Career Center/Employment Services,(425) 564-2279,3000 Landerhol,Bellevue,98007-,www.go2worksource.com,WorkSource Affiliate Serving King County
WorkSource - Auburn Affiliate,Business Services/Job Placement Services,(253) 804-1177,2707 I Street NE,Auburn,98002,www.wa.gov/esd/,WorkSource Affiliate Serving King County Monday through Friday 8:00am - 5:00pm except holidays. Additional Phone Numbers: (253) 833-0102 / (360) 902-9383 Fax.
Woods and Associates,Temporary Agency,(206) 623-2930,1221 2nd Avenue Suite 430,Seattle,98101,http://www.woodsandassociates.com,
Womens Business Exchange,Career Networking,(206) 382-1234,1900 W Nickerson Suite 116,Seattle,98119,,Facilitates career networking for women professionals; Promotes leadership and learning for members.
With Grace Training Foundation,Job Readiness Program,(206) 568-2118,737 21st Ave E,Seattle,98112,,"Provides a free one-week job readiness program with a unique, culturally sensitive approach for low-income people."
Winstaffing,Temporary Agency,(206) 248-0010,319 Tukwila Parkway,Tukwila,98188,http://www.winstaffing.com,
Wimmer Solutions,Temporary Agency,(206) 324-4564,3245 Fairview Avenue E Suite 100,Seattle,98102,http://www.wimmersolutions.com,
Wimmer Solutions,Temporary Agency,(425) 285-1992,303 Parkplace,Kirkland,98033,,
Westminster Chapel - Job Support Ministry,Job Support Ministry,(425) 562-8028,13646 NE 24th St,Bellevue,98005,,"Helps with resume preparation, interviewing skills, job sourcing, job search planning and other job search assistance."
Westech Technical Staffing,Temporary Agency,(425) 602-5770,2625 Northup Way,Bellevue,98004,http://www.pugetsoundstaffing.com,
VMC Consulting,Temporary Agency,(206) 284-7717,,Seattle,98101,,
VMC Consulting,Temporary Agency,(425) 497-0862,8541 154th Northeast,Redmond,98052,,Call for information
WorkSource - Rainier Affiliate,Business Services/Job Placement Services,(206) 721-6000,2531 Rainier Ave S,Seattle,98144-,www.go2worksource.com,"WorkSource Affiliate Serving King County Business Services/Job Placement Services: Provides a list of job openings, computerized job matching system, employer services and phone and computer access for filing employment insurance benefits."
Refugee Federation Service Center - White Center,Employment Training and Vocational ESL,(206) 762-4894,10025 16th Ave SW,Seattle,98146,,Offers employment training and vocational ESL for refugees; also provides emergency rental assistance.
Tahoma School District,Career Center,(425) 413-6200,25720 Maple Valley Blac,Maple Valley,98038,,Operates a career center for district students; integrates career concepts into the curriculum.
Seattle Financial Staffing LLC,Temporary Agency,(206) 343-8732,,Seattle,98101,http://www.seattlefinancial.com,
Seattle City Attorney - Public and Community Safety Division,Internship Programs,(206) 684-7757,"Seattle Municipal Tower 700 5th Ave, Sui",Seattle,98124,,Provides volunteer internships and externships available for college and law students.
Seattle Central Community College,Computer Training and Job Placement Assistance,(206) 587-6310,1701 Broadway,Seattle,98122,,"Provides computer training, career development, and job placement assistance for older unemployed individuals. Gives students the opportunity to receive college credit for work experience."
Sea-Tac Occupational Skills Center,Vocational Training,(206) 433-2525,18010 8th Ave S,Burien,98148,,"Offers vocational training for high school juniors and seniors; Primarily for Highline, Federal Way, Tahoma, and Tukwila school districts."
Sammamish Community Service Center - King County Community,Government Services,(425) 295-0750,,Sammamish,,,"Provides county government services including licensing, property tax services and passport applications."
Samaritan Center of Puget Sound,Counseling Services,(206) 527-2266,564 NE Ravenna Blvd,Seattle,98115,,"Counsels individuals, couples, and family; Focus on stress and relationship conflicts; eating disorders, vocational evaluation; spiritual focus is available."
Sakson and Taylor Inc,Temporary Agency,(206) 632-6931,1109 North 36th Street,Seattle,98103,http://www.sakson.com,
Resources Connections Inc,Temporary Agency,(206) 346-2450,700 5th Avenue,Seattle,98104,http://www.resourceconnection.com,
Renton Technical College,Pre-Apprenticeship Training,(425) 235-7836,3000 NE 4th St,Renton,98056-,,"Pre-apprenticeship training for construction, industrial, mechanical, and electrical occupations for women and men; Career issues and life skills training. Offers nongraded, continuous, specialized vocational training for students."
Renton City Jobline,Job Listings,(425) 430-7652,N/A,Renton,,,Lists jobs open for city of Renton
Remedy Intelligent Staffing - Tukwila Office,Temporary Agency,(206) 242-8016,Tukwila,98188,,http://www.remedystaff.com,
Seattle Mental Health - Capitol Hill,Vocational Rehabilitation,(206) 302-2300,1600 E Olive St,Seattle,98122,,"Provides vocational rehabilitation for individuals with mental, physical, and developmental disabilities and clients with hearing impairments."
King Refugee Womens Alliance - South Satellite Office,Education,(206) 957-2029,15245 International Blvd Suite 207,SeaTac,98188,,"Offers ESL classes for adults, homework tutoring for children, citizenship preparation and employment; Child care provided."
Seattle Municipal Court,Job Training,(206) 684-5600,600 5th Ave,Seattle,98104,,"Conducts free, five-hour job readiness training workshops."
Refugee Federation Service Center - Seattle,Employment Services,(206) 725-9181,7101 Martin Luther King Suite 214,Seattle,98118,,"Offers employment training and vocational ESL for refugees, also provides emergency rental assistance for existing clients."
Refugee Federation Service Center - Kent,Employment Services,(253) 852-5150,1215 Central Ave S Suite 210,Kent,98032,,Offers employment training and vocational ESL for refugees.
Real Change,Employment Opportunities,(206) 441-3247,2129 2nd Ave,Seattle,98121,,"Vendor Opportunities/Employment, offers employment as vendors of homeless newspaper for homeless or low-income people; Holds weekly orientations for new vendors."
Raza Employment,Temporary Agency,(206) 762-3331,9832 16th Avenue South,Seattle,98106,,Temporary Agency
Randstad - Bellevue,Temporary Agency,(425) 451-7886,11400 Southeast 8th Stre,Bellevue,98004,http://www.us.randstad.com,Temporary Agency
Quickstaff,Temporary Agency,(253) 939-4100,524 A Southeast,Auburn,98002,,Temporary Agency
Puget Sound Security,Security Services,(425) 259-7929,P.O. Box 1892,Bellevue,98009,http://www.pugetsoundsecurity.com,"In a security profession, ex-offenders may not be able to possess/carry a firearm."
"Puget Sound Personnel, Inc.",Job Training,(425) 562-1231,50 116th Ave SE Suite 211,Bellevue,98004,,Provides training and job placement for people with developmental disabilities; Contains ongoing support and follow-up services.
Provail,Employment Services,(206) 363-7303,424 North 130th Street,Seattle,98177,,Employment Services
Provail,Employment Services,(206) 363-7303,3670 Stone Way N,Seattle,98103,,"Provides training, vocational, and employment services to people with disabilities."
Promotion Events,Temporary Agency,(206) 729-9972,7777 62nd Avenue North,Seattle,98115,http://www.promotionevents.com,Temporary Agency
Port of Seattle - Office of Port Jobs - Apprenticeship Opportunities Project,Job Training,(206) 381-1384,550 SW 7th St #B-303,Renton,98057,,Helps disadvantaged people enter and succeed in union-sponsored apprenticeship programs in the building and construction trades.
Remedy Intelligent Staffing - Bellevue Office,Temporary Agency,(425) 453-8017,11711 Southeast 8th Stre Suite 100,Bellevue,98005,http://www.remedystaff.com,Temporary Agency
"Skills, Inc. - Auburn",Job Training,(206) 782-6000,715 30th St NE,Auburn,98002,,"Manufacturing Training and Employment, offers paid job training and employment in assembly work primarily for persons with disabilities."
Student Conservation Association - Northwest Office,Conservation Programs,(206) 324-4649,1265 S Main St Suite 210,Seattle,98144,,"Conservation Career Development Program, facilitates a program, specifically for high school students, designed to expose people of diverse ethnicities to environmental and conservation careers."
Street Outreach Services,Youth Employment,(206) 919-1996,9040 Raininer Ave S Suites 3 and 5,Seattle,98118,,"Youth and Young Adult Employment Program, provides youth and young adults, ages 16 through 24, with customer service work experience; Includes training in interviewing and resume writing; 3-6 months max."
Staffmark,Temporary Agency,(425) 687-6362,666 Strander Boulevard,Tukwila,98188,http://www.staffmark.com,Temporary Agency
Staffmark,Temporary Agency,(253) 520-5565,4402 D Street Northwest,Auburn,98001,,Temporary Agency
Staff Path,Temporary Agency,(425) 226-6650,555 South Renton Village,Renton,98057,,Temporary Agency
Staff Mark,Temporary Agency,(253) 931-5161,1302 29th Street Northwe,Auburn,98001,,Temporary Agency
Spherion Corporation,Temporary Agency,(206) 264-0348,4140 East Marginal Way,Seattle,98134,,Temporary Agency
Spherion - Staffing,Temporary Agency,(425) 643-4420,14670 Northeast 8th Stre Suite 200,Bellevue,98007,,Temporary Agency
Spherion - Clerical,Temporary Agency,(206) 340-8854,900 4th Avenue,Seattle,98164,http://www.spherion.com,Temporary Agency
Spherion,Temporary Agency,(253) 874-8705,,Seattle,98164,http://www.spherion.com,Temporary Agency
Spherion,Temporary Agency,(425) 646-2354,10500 Northeast 8th Stre,Bellevue,98004,http://www.spherion.com,Temporary Agency
Southeast Youth and Family Services,Education,(206) 721-5542,3722 S Hudson St,Seattle,98118,,"Educational Classes, classes include negotiating, shoplifting prevention, parenting skills, financial management, job readiness, photography, play therapy and drug/alcohol info."
Seattle Indian Center,Employment Services,(206) 329-8700,611 12th Ave S. Suite 300,Seattle,98144,,WorkForce Investment Act (WIA)/Employment and Services: Offers a variety of employment and training services.
South Seattle Community College,Career Training,(206) 764-7946,6000 16th Ave SW,Seattle,98106,,"Career Link: Offers career planning and skills training for out of school youth, ages 16-21, with no high school diploma or job skills. Duwamish Apprenticeship and Education Center, offers classroom instruction for apprenticeship trades, highway"
Port of Seattle - Office of Port Jobs - Airport Jobs,Job Listings,(206) 835-7501,"Sea-Tac Airport, Main Te 17801 Pacific Hi",SeaTac,98168,,Publishes job list of SeaTac airport-related employers; List is available on Web site and in office for job seekers.
"Skills, Inc.",Job Training,(206) 782-6000,800 NW 46th St,Seattle,98107,,"Manufacturing Training and Employment, offers paid job training and employment in assembly work primarily for persons with disabilities."
SKCAC Industries,Employment Services,(253) 395-1240,19731 Russell Rd S,Kent,98032,,"Provides training and employment for individuals with disabilities, must meet SKCAC's criteria for employment."
Shoreline Community,Career Counseling,(206) 546-7844,16101 Greenwood Ave N,Shoreline,98133,,"Provides career counseling, career and life planning class, job reference guides, and labor market information. Offers career planning and job search assistance to students and other members of the community. Offers educational services."
Service Corps of Retired Executives - Score Chapter 55,Small Business Resources,(206) 553-7320,2401 4th Avenue Suite 450,Seattle,98121,http://www.seattlescore.org,Maintains a free library and computer center in the Small Business Administration office where small business owners can find resources.
Security Services,Security Services,(425) 454-5011,1800 112th Avenue Nort,Bellevue,98004,http://www.pugetsoundsercuity.com,Ex-offenders applying for security positions may not be able to carry/possess a firearm.
Seattles Union Gospel Mission,Mission Work Assistance,(206) 622-5177,318 2nd Ave Ext,Seattle,98104-,,"Offers a 1-year program for men considering mission work or rescue ministry, housing and meals; must be motivated and graduates of New Creations use New Vision. Offers recovery/transitional services from homelessness, full-time employment at Un"
Seattle-King County Security,Security Services,(206) 323-1411,,Seattle,98101,http://www.pugetsoundsecurity.com,Offenders may not be able to possess firearms while working for this company.
Seattle Vocational Institute,Job Skills Program,(206) 516-2948,2120 S Jackson St,Seattle,98144,,"Offers job skills program for youth, ages 16 - 21, who are out of school with no high school diploma or job skills; SVI students have first priority."
Seattle Public Schools - School to Work Program/Career Center,Career Services,(206) 252-0730,John Standford Center 2445 3rd Ave S,Seattle,98134,,"Offers career planning, job search training, and job referral services for all Seattle Public Schools high school students and parents/guardians."
Seattle Parks and Recreation - Seattle Conservation Corps,Employment Opportunities,(206) 684-0190,7727 63rd Ave NE Suite 201,Seattle,98115,,"Provides work opportunities in the community for homeless individuals, with a computer-assisted education program, support services, and placement help."
Seattle Parks and Recreation - Garfield Teen Life Center,Youth Development,(206) 684-4550,428 23rd Ave,Seattle,98122,,"Provides job skills, leadership training, life skills, educational field trips, and support services for youth, ages 13 and older."
Seattle Nanny Network Inc,Nanny Services,(206) 374-8688,,Seattle,98101,http://www.seattlenanny.com,Offenders with crimes against children and certain other convictions will not be allowed to supervise children.
South Seattle Community College - New Holly Learning Center,Education and Training,(206) 768-6669,7058 32nd Street,Seattle,98118,,WorkSource ex-offender contractors
CDI Corporation West,Temporary Agency,(425) 739-7800,4030 Lake Washington B Suite 210,Kirkland,98033,,
Catholic Community Services - University District Youth Center,Employment Services,(206) 526-2992,4516 15th Ave NE,Seattle,98105,,"Offers employment education, work-readiness, occupational therapy, support, and job placement assistance."
Casa Latina,Day Labor Dispatch,(206) 953-0779,220 Blanchard St. 2330 Western A,Seattle,98121,,Facilitates a day labor dispatch for anyone who wants to work; No documents or English required.
Cares of Washington,Employment Services,(206) 938-1253,4700 42nd Avenue South Suite 570,Seattle,98116,,Provides employment services to people with disabilities and people with barriers to employment.
Career Staff Unlimited,Temporary Agency,(206) 870-4480,19604 International Boul,Seatac,98188,,
Camp Fire USA - Central Puget Sound Council - Seattle,Youth Program,(206) 461-8550,8511 15th Ave NE,Seattle,98115-,,"Special Sitters Program: Trains youth, ages 13 to 18 to care for children living with developmental and/or learning disabilities."
Boilermalers Shop and Shipyard JATC,Apprenticeship Program,(206) 624-4707,1829 Boren Ave.,Seattle,9101,,"Boilermakers install, service and repair boilers, vats and other large vessels. They also build and repair ships, boats, and other structures."
Big Fish Promotions,Temporary Agency,(425) 827-8487,312 11th Avenue West - Kirkland,Kirkland,98033,http://www.gobigfish.com,
Bernard's,Temporary Agency,(206) 626-0250,,Seattle,98101,,
Benchmark,Temporary Agency,(206) 246-5884,14900 Interurban South,Tukwila,98168,http://www.benchmarkstaffing.com,
Center for Career Alternatives - Kent,Employment Services,(253) 639-1162,13111 SE 274th St,Kent,98030,,"Offers employment placement, employment retention, and career progression services primarily to the residents of Springwood Apartments."
W. Washington Cement Masons,Construction Trade,(206) 762-9286,2700 First Ave. Ste 215,Seattle,98121,,Cement masons set the forms to prepare the site for placing concrete and cast and finish the concrete.
W. Washington Piledrivers,Construction Trade,(253) 437-5235,20424 72nd Ave. South,Kent,98032,,"Piledrivers drive wood, steel, and concrete piling and shape them with air tools. They work on docks, bridges, and ferry landings."
Washington Community Alliance For Self-Help,"Loans, Technical Assistance and Support Services",(206) 352-1945,2100 24th Ave S Suite 380,Seattle,98122-,http://www.washingtoncash.org,"Offers small loans, business training, peer support and technical assistance to low-income women and people with disabilities to start home businesses."
Manpower - Manpower Professional,Temporary Agency,(425) 827-2952,10220 Northeast Points D,Kirkland,98033,http://www.us.manpower.com,Temporary Agency
VMC Consulting Corporation,Temporary Agency,(425) 702-8900,"8471 154th Avenue, NE",Redmond,98052,http://www.vmc-consulting.com,
City of Seattle - Human Services Department - Mayors Office for Senior,"Offers employment counseling, job search assistance, job hotline, workshops and job referral services for seniors, ages 55 and older.",(206) 684-0477,"810 3rd Ave, #350",Seattle,98104-,,"Offers employment counseling, job search assistance, job hotline, workshops and job referral services for seniors, ages 55 and older."
Manpower - Professional,Temporary Agency,(425) 882-8708,911 5th,Kirkland,98033,http://www.us.manpower.com,Temporary Agency
Manpower - Seattle,Temporary Agency,(206) 583-0880,1420 5th Avenue Suite 425,Seattle,98101,http://www.us.manpower.com,Temporary Agency
CLP Resources Inc,Temporary Agency,(206) 242-4800,13028 Interurban Avenue Suite 112,Tukwila,98168,http://www.clp.com,
CLP Resources INC,Temporary Agency,(425) 453-2269,,Bellevue,98004,,
CLP Resources Inc,Temporary Agency,(425) 688-7822,12360 Northeast 8th,Bellevue,98005,,
CLP Resources Inc,Temporary Agency,(425) 747-5195,13238 Northeast 20th Str,Bellevue,98005,http://www.clp.com,
Client Assistance Program,"Investigation, Advocacy, and Mediation",(206) 721-5999,2531 Rainier Ave S,Seattle,98144,,Assists vocational rehab clients in appealing decisions made by a counselor; teaches clients about their rights and protection under the law.
City Year,"Engages young adults, 17-24, in full-time community service.",(206) 219-5010,309 23rd Ave S,Seattle,98144,,"Engages young adults, 17-24, in full-time community service."
City of Seattle Job Line,Call or write for more information.,(206) 684-7999,,Seattle,,,Call or write for more information.
City of Seattle - Seattle Office for Civil Rights,Offers information on employment rights and discrimination.,(206) 684-4500,"Central Building 810 3rd Ave, Sui",Seattle,98104,,Offers information on employment rights and discrimination.
CDI Corporation West,Temporary Agency,(425) 486-5522,19515 North Creek Park,Bothell,98011,,
City of Seattle - Human Services Department - Youth Development and,"GED Program: Provides comprehensive GED and job skills training for Seattle youth, ages 16 - 21.",(206) 386-1042,810 3rd Ave 4th Floor,Seattle,98104,,"GED Program: Provides comprehensive GED and job skills training for Seattle youth, ages 16 - 21. Seattle Youth Employment Program (SYEP): Provides after-school and summer jobs for low-income Seattle youth, ages 14 through 21."
Washington State Labor and Industries Department - East,Workers Compensation - Vocational Rehabilitation,(425) 990-1400,616 120th Ave NE Suite C201,Bellevue,98005-,,Offers vocational rehabilitation services to qualified injured workers.
City of Renton,24-Hour Jobline,(425) 362-7282,1055 S Grady Way,Renton,98055,,Lists current job openings at the city of Renton.
Church of Jesus Christ of Latter Day Saints - Deseret Industries,Provides a temporary job skills training and placement program for people with disabilities and people who are vocationally impaired.,(206) 542-9447,17935 Aurora Ave N,Shoreline,98133,,Provides a temporary job skills training and placement program for people with disabilities and people who are vocationally impaired.
Church Council of Greater Seattle,Seattle Youth Garden Works,(206) 542-9447,4 Nickerson St,Seattle,98109-,,"Seattle Youth Garden Works: Prepares at risk youth, ages 15 - 22, for employment by providing training in market gardening; Facilitates volunteer participation in program."
Chinese Information and Service Center,Employment Assistance and Vocational Training,(206) 624-5633,409 Maynard Ave S Suite 203,Seattle,98104,http://www.cisc-seattle.org,"Provides employment assistance and vocational training for immigrants and limited or non-English speaking clients. International Family Center: Offers families connection, friendships, new skills, a"
Childrens Hospital and Regional Medical Center,Better Babysitters,(206) 789-2306,4800 Sand Point Way NE,Seattle,98105,,"Provides babysitter training program for youth, ages 11 - 13."
Childrens Home Society of Washington - North Seattle Family Center,Offers workshops on various topics,(206) 364-7930,3200 NE 125th St Suite 2,Seattle,98125,,"Offers workshops on topics ranging from nutrition, job skills, tax preparation, money management to welfare rights and more."
Centerpoint Institute for Life and Career Renewal,Provides services to support adults in career and life choices,(206) 686-5433,"4000 NE 41st St Bldg D, Suite 2",Seattle,98105,,Provides services to support adults in making meaningful career and life choices; Career development and outplacement services for organizations.
Center for Human Services - Shoreline Family Support Center,Computers available for job search assistance,(206) 362-7282,Shoreline Family Support 17018 15th Ave,Shoreline,98155,,"Computers are available to write resumes or to search job listings on the Internet; Offers 'how to' handouts for creating resumes, cover letters, etc."
Center for Career Alternatives (CCA),Vocational training and job placement,(206) 322-9080,901 Rainier Ave S,Seattle,98144,,"Provides vocational training and job placement for youth and adults, basic skills, GED, citizenship classes, and short-term skills training. Youth Employment and Education: Offers a summer employment and basic skills training program for low-income individuals."
Center for Career Alternatives - White Center,Employment placement and training services,(206) 957-0684,9615 16th Ave SW,Seattle,98106,,"Offers employment placement, short-term employment training, and career progression services primarily to the residents of White Center."
City of Seattle - Personnel Department,Current job openings for the city of Seattle,(206) null,"Seattle Municipal Tower 700 5th Ave, Sui",Seattle,98102,,For current job openings for the city of Seattle. City of Seattle Employment Website: Lists available job positions online and offers information and materials on employment process for the city; disability accommodations may be requested.
Adecco,Temporary Agency,(206) 587-3929,701 5th Avenue Suite 4630,Seattle,98104,http://www.adeccousa.com,
Washington State Department of Services for the Blind,"Business Enterprise Program, Vocational Rehabilitation Program",(206) 721-4422,3411 S Alaska St,Seattle,98118,,"Business Enterprise Program, trains and licenses legally blind people to manage snack/gift shops, espresso stands, and food service facilities in government buildings. Vocational Rehabilitation Program, provides job training, employment counseling."
Alliance of People with Disabilities - East King County,Job search skills and job retention services,(425) 558-0993,16315 NE 87th St Suite B3,Redmond,98052,,Offers job search skills for persons with disabilities and job retention services for both program participants and their employers.
All Staff Inc,Temporary Agency,(425) 793-5460,613 South 3rd Street,Renton,98057,http://www.allstaffnow.com,
Ajilon Finance,Temporary Agency,(425) 635-0700,600 108th Avenue Northe Suite 650,Bellevue,98004,,
Aetea Information Technology,Temporary Agency,(425) 656-0790,16400 Southcenter Pkwy,Tukwila,98188,,Temporary Agency
Aeroteck,Temporary Agency,(425) 883-2178,18700 Northeast 65th Str,Redmond,98074,http://www.aerotek.com,Temporary Agency
Advantage Staffing,Temporary Agency,(425) 255-2310,600 108th Avenue Northe,Bellevue,98004,http://www.adstaffnw.com,Temporary Agency
Advantage Staffing,Temporary Agency,(206) 447-7930,600 108th Avenue Northe,Bellevue,98004,http://www.adstaffnw.com,Temporary Agency
Adecco Technical,Temporary Agency,(425) 226-8333,15 South Grady Way,Renton,98057,http://www.adeccotechnical.com,Temporary Agency
Adecco Employment Services,Temporary Agency,(206) 729-7129,9580 1st Avenue Northea,Seattle,98115,http://adeccousa.com,Temporary Agency
Almond & Associates,Temporary Agency,(425) 455-2224,11911 Northeast 1st Stree Suite 305,Bellevue,98005,http://www.almondandassociates.com,Temporary Agency
Adecco,Temporary Agency,(206) 575-3888,631 Strander Boulevard,Tukwila,98188,http://www.adeccousa.com,Temporary Agency
Almond & Associates,Temporary Agency,(253) 867-1555,20415 72nd South,Kent,98032,,Temporary Agency
Adams Temporaries - Southcenter,Temporary Agency,(206) 575-6266,,Seattle,98101,http://www.adamsandassoc.com,Temporary Agency
Adams Career Solutions LLC - Tukwila,Temporary Agency,(206) 575-6266,16400 Southcenter Parkw Suite 400,Tukwila,98188,http://www.adamsandassoc.com,Temporary Agency
Adams & Associates,Temporary Agency,(206) 575-6266,,Southcenter Seattle,98101,http://www.adamsandassoc.com,Temporary Agency
Adams & Associates,Temporary Agency,(206) 447-9200,1501 4th Avenue - Suite,Seattle,98101,http://www.adamsandassoc.com,Referrals to temporary and permanent jobs in clerical and office support.
Accountemps - Federal Way,Temporary Agency,(253) 815-9300,3450 South 344th Way,Federal Way,98001,http://www.accountemps.com,Temporary Agency
Accountants Inc - Bellevue,Temporary Agency,(425) 454-4111,,Bellevue,98004,http://www.accountantsinc.com,Temporary Agency
AARP - Senior Community Service Employment Program,Job Training,(206) 624-6698,655 S Orcas St - Suite 20,Seattle,98108,,"Recruits, trains and places applicants with non-profit and government agencies."
A#1 Accounting Limited,Temporary Agency,(206) 248-8087,640 Southwest 116th Plac,Seattle,98146,,Temporary Agency
Nursefinders of Seattle Staffing,Temporary Agency,,,Seattle,98101,,Temporary Agency
Hallmark Services / Temps,Temporary Agency,(206) 587-5360,1000 2nd Avenue Suite 1450,Seattle,98104,http://www.hallmarkservice.com,Temporary and permanent job placement agency.
Adecco Employment Services,Temporary Agency,(425) 889-9666,3055 112th Avenue Nort Suite 208,Renton,98055,http://www.adecco.com,Temporary Agency
Available Personnel Services,Temporary Agency,(206) 433-8935,243 Southwest 152nd Str,Burien,98166,http://www.availablepersonnel.com,Temporary Agency
Washington State Labor and Industries Department - Seattle,Workers Compensation - Vocational Rehabilitation,(206) 515-2800,315 5th Ave S Suite 200,Seattle,98104-,,Offers vocational rehabilitation services to qualified injured workers.
Washington State Labor and Industries Department - South,Workers Compensation - Vocational Rehabilitation,(206) 835-1000,12806 Gateway Dr,Tukwila,98168-,,Offers vocational rehabilitation services to qualified injured workers.
"Washington State Labor Council, AFL-CIO",Dislocated Worker Programs,(206) 283-6121,314 1st Ave W,Seattle,98119-,,Helps dislocated workers access federal and state job training programs.
Washington Womens Employment and Education,REACH Plus - Job Readiness Class,(253) 859-3718,515 W Harrison St Suite 208,Kent,98032-,,"Offers five-week job readiness, job search assistance, and computer instruction for women and men. Provides follow-up services for two years."
Westaff,Temporary Agency,(253) 850-9838,4103 Centre Northeast Suite 300,Auburn,98002,,Temporary Agency
Westaff,Temporary Agency,(425) 454-4222,11100 Northeast 8th Stre Suite 140,Bellevue,98004,http://www.westaff.com,Temporary Agency
Westaff,Temporary Agency,(206) 642-6100,2033 6th Avenue Suite 220,Seattle,98121,http://www.westaff.com/home.html,Temporary Agency
Bellevue Parks and Community Services,Well-Kept,(425) 452-7225,450 110th Ave NE,Bellevue,98004,,Hires teenagers to work on a variety of projects throughout the park system in July and August. Cultural diversity program
Bellevue Community College,Career Center,(425) 564-4054,3000 Landerholm Circle,Bellevue,98007-,http://www.bcc.ctc.edu,"Offers career education classes and workshops, educational planning, and personal growth classes. Womens Center: Offers basic skills assessment, career planning, and job search skills courses, and referral to scholarship and community."
Barmore Personnel,Temporary Agency,(253) 854-7000,158 Deeny Way,Seattle,98144,http://www.barmorepersonnel.com,Temporary Agency
Allyis / Essential Web Design,Temporary Agency,(425) 527-1099,21520 30th Drive Southe,Bothell,98021,,Temporary Agency
Available Personnel Services,Temporary Agency,(253) 838-7877,,Federal Way,98003,http://www.availablepersonnel.com,Temporary Agency
King CAMP (Central Area Motivation Program),Employment Assistance,(206) 812-4940,722 18th Ave,Seattle,98104,,"Ex-offender employment assistance program that offers resume writing tips, job readiness training, and goal development skills."
ATWORK! - Issaquah,Community Services,(425) 274-4000,690 NW Juniper St.,Issaquah,98027-,,Provides volunteering activities and vocational development and placement services for individuals with developmental disabilities.
ATWORK! - Bellevue,Community Services,(425) 274-4040,15155 Bel Red Rd,Bellevue,98007,,Provides volunteering activities and vocational development and placement services for individuals with developmental disabilities.
Asian Counseling & Referral Service,Job Training,(206) 695-7600,720 8th Ave. S. Suite 200,Seattle,98144,http://www.acrs.org,"Provides job training that includes job readiness classes, job placement help, and case management through the first year on the job."
Artsource Inc,Temporary Agency,(206) 441-1114,,Seattle,98101,,
Artsource,Temporary Agency,(425) 688-0094,505 106th Avenue Northe Suite 200,Bellevue,98004,http://www.filtertalent.com,
Archdiocesan Housing Authority - The Giving Tree,Giving Tree Workshop,(206) 340-1575,2008 Westlake Ave,Seattle,98121,,"Provides homeless and low-income men and women the opportunity to handcraft wooden toys, preparing them for employment and building their self-confidence."
Apprenticeship Training,Department of Labor Apprenticeship,(206) 553-0076,,Seattle,,,Department of Labor apprenticeship and labor services
Appleone Employment Services,Temporary Agency,(253) 945-6525,1808 South 320th Street,Federal Way,98003,http://www.appleone.com,
Appleone Employment Services,Temporary Agency,(425) 451-7700,305 108th Avenue Northe,Bellevue,98004,http://www.appleone.com,
Apex Systems Group,Temporary Agency,(206) 241-9119,1218 3rd Avenue Suite 505,Seattle,98101,http://www.apexllc.com,
King Available Personnel Services,Temporary Agency,(206) 405-3839,,Seattle,98101,http://www.availablepersonnel.com,
Crista Ministries - Shoreline,Intercristo Job Service,(206) 546-7330,19303 Fremont Ave N,Shoreline,98133,,Offers a computerized job service to match job seekers with current openings in non-profit Christian organizations.
El Centro de la Raza,Job Training and Placement,(206) 329-7960,2524 16th Ave. S.,Seattle,98144,,Job training and placement
Manpower - Lynnwood,Temporary Agency,(206) 447-5627,3400 188th Street Southw Suite STE,Seattle,98101,http://www.us.manpower.com,
Downtown Emergency Service Center - Connections,Job/Vocational Training and Housing Advocacy,(206) 515-1555,505 3rd Ave,Seattle,98104,,"Provides job/vocational training and housing advocacy for homeless who lack other support services. Clients receive meals, chemical dependency, hygiene services."
Dow Norma J / Liebertz James,Temporary Agency,(425) 747-8095,12827 Southeast 40th Pla,Bellevue,98006,http://www.dentalemploymentservices.co,
Dental Professionals Inc,Temporary Agency,(206) 767-4851,4700 42nd Avenue South Suite 460,Seattle,98116,http://www.dentalp.com,
Dental Professionals Employment Services,Temporary Agency,(425) 451-3391,,Bellevue,98004,http://www.dentalp.com,
Dental Medstaff,Temporary Agency,(206) 361-8419,,Seattle,98101,http://www.medstaff-inc.com,
Dental Employment Services Inc,Temporary Agency,(425) 747-8095,,Bellevue,98006,http://www.dentalemploymentservices.co,
Deaf-Blind Service Center,Mentor Services,(206) 323-9178,2366 Eastlake Ave E. Suite 206,Seattle,98102,,Provides mentors for new interpreters wanting skills to work with those who are Deaf-Blind.
CULI Services,Temporary Agency,(206) 297-9900,,Seattle,98101,,
Community Psychiatric Clinic,Vocational Rehabilitation and Supported Employment,(206) 545-2400,Administrative Office 4319 Stone Way,Seattle,98103,,Provides vocational rehabilitation and supported employment for adults with psychiatric disabilities.
CSR Tech Services,Temporary Agency,(206) 382-5555,720 Olive Way Suite 1510,Seattle,98101,http://www.csrtech.com,
Events and Promotions,Temporary Agency,(206) 718-6700,23143 Southeast 27th Wa,Issaquah,98029,,
Creative Group - Seattle,Temporary Agency,(206) 749-9046,601 Union Street Suite 4300,Seattle,98101,http://www.creativegroup.com,
Cottage Lake Community Service Center - King County Community,County Government Services,(206) 296-2733,,Seattle,,,"Provides county government services including licensing, property tax services, and voter registration."
Corestaff Services,Temporary Agency,(206) 623-1750,,Seattle,98101,http://www.corestaff.com,
Corestaff Services,Temporary Agency,(425) 251-5006,,Seattle,,http://www.corestaff.com,
Corestaff Services,Temporary Agency,(425) 454-0718,,Bellevue,98004,http://www.corestaff.com,
Contractors Resources,Temporary Agency,(425) 641-3604 / (,16301 Northeast 8th Stre,Bellevue,98008,,
Contract Employment Weekly,Temporary Agency,(425) 806-5200,11711 North Creek Park,Bothell,98011,http://www.ceweekly.com,
King Consultnet,Temporary Agency,(425) 637-9700,1800 112th Avenue Nort,Bellevue,98004,,Temporary Agency
Computer Horizon Corporation,Temporary Agency,(425) 893-9450,8528 120th Avenue Nort,Kirkland,98033,http://www.computerhorizons.com,Temporary Agency
Community Psychiatric Clinic - Eastside Regional Center,Temporary Agency,(425) 454-3021,Eastside Regional Servic 13133 Bel Red,Bellevue,98005,,"Provides assessments, training services, job placement, and job retention services for enrolled comsumers."
CTS Technical Services,Temporary Agency,(425) 451-0051,11100 Northeast 8th Stre,Bellevue,98004,,Temporary Agency
Forever Working Labor Calendar - Seattle,Temporary Agency,(206) 749-0999,Seattle,Seattle,98101,http://www.laborworx.com,Temporary Agency
H L YOH Company,Temporary Agency,(206) 720-5300,1910 Fairview Avenue E,Seattle,98102,,Temporary Agency
Green River Community College - Kent,Professional/Technical Education,(253) 856-9595,417 Ramsey Way Suite 112,Kent,98032,,"Offers professional education, continuing education and job training skills."
Green River Community College,Professional/Technical Education,(253) 833-9111 ext 1240,SE 320th St,Auburn,98092-,,"Professional/Technical Education: Offers vocational training in numerous fields to high school graduates. Student Employment Center, offers job search assistance for Green River students and residents of surrounding community. Worker Ret"
Goodwill - Seattle - STRIVE,Work Readiness Program,(206) 860-9675,1400 S Lane St,Seattle,98144-,http://www.seattlegoodwill.org,"Conducts work readiness and retention program that includes training for 40 hours per week for 3 weeks, plus 1 week of job search."
Goodwill - Seattle,Evaluation and Training Program,(206) 860-5791,1400 S Lane St,Seattle,98144-,http://www.seattlegoodwill.org,"Provides evaluation and paid on-the-job training for adults, ages 18 and older, in many areas. Provides career resources for individuals who are job hunting, changing career, or interested in job readiness workshops."
Globe Temporaries,Temporary Agency,(206) 443-4314,2001 6th Avenue Suite 306,Seattle,98121,,Temporary Agency
Global Gynex Inc,Temporary Agency,(425) 467-0230,606 110th Avenue Northe,Bellevue,98004,http://www.globalcynex.com,Temporary Agency
Gethsemane Community Services,Employment Assistance,(206) 682-3620,Gethsemane Lutheran Ch 911 Stewart St,Seattle,98101,,"Provides employment search assistance, tutoring, computer and phone use, clothing vouchers, help with work-related needs."
General Employment Service Inc - Seattle,Temporary Agency,(206) 623-1750,600 University Street Suite 2525,Seattle,98101,http://www.corestaff.com,Temporary Agency
General Employment Service Inc - Bellevue,Temporary Agency,(425) 454-0718,10800 Northeast 8th Stre,Bellevue,98004,http://www.corestaff.com,Temporary Agency
Blackriver Community Service Center - King County Community,Government Services,(206) 296-7810,Seattle,Seattle,,,"Provides county government services including licensing, property tax services, and road projects."
Fremont Public Association - Volunteer Program,Volunteer Coordination,(206) 957-4779,"Volunteer Program 464 12th Ave, S",Seattle,98122,,"Recruits for and coordinates AmeriCorps, Reading Corps, and VISTA volunteer positions."
Essential Design (Allyis),Temporary Agency,(425) 527-1099 / (,,Bellevue,98004,http://www.allyis.com,Temporary Agency
FDSI Consulting,Temporary Agency,(425) 637-6505,600 108th Avenue Northe,Bellevue,98004,,Temporary Agency
FareStart Job Training,Job Training Program,(206) 443-1233,1902 2nd Ave,Seattle,98101,,"FareStart Restaurant (2100 Building, Downtown Library): Operates a restaurant/contract meals/catering business that is open to the public; This is NOT a congregate meal program. Restaurant/catering job training and placement and case man"
Family and Adult Service Center,Work Skills Development,(206) 441-8405,2104 3rd Ave,Seattle,98121,,"Assists homeless, umployment clients to develop work skills; Offers work for six months and stipend wage."
Express Personnel Services - Woodinville,Temporary Agency,(425) 489-9408,9833 Crystal Lake Dr,Woodinville,98072,http://www.expresspersonnel.com,Temporary Agency
Express Personnel Services - Seattle,Temporary Agency,(206) 443-5627,2401 4th Avenue Suite 150,Seattle,98121,http://www.expresspersonnel.com,Temporary Agency
Express Personnel Services - Seattle,Temporary Agency,(206) 363-1140,13510 Aurora Avenue No,Seattle,98133,http://www.expresspersonnel.com,Temporary Agency
Express Personnel Services - Seattle,Temporary Agency,(206) 343-5025,1201 South 4th Avenue Suite 101,Seattle,98134,http://www.expresspersonnel.com,Temporary Agency
Express Personnel Services - Seattle,Temporary Agency,(425) 778-3526,,Seattle,98133,http://www.expresspersonnel.com,Temporary Agency
Express Personnel Services - Redmond,Temporary Agency,(425) 747-2424,15230 Northeast 24th Str,Redmond,98052,http://www.expresspersonnel.com,Temporary Agency
Express Personnel Services - Kent,Temporary Agency,(253) 850-1344,841 Central Avenue Nort,Kent,98032,http://www.expresspersonnel.com,Temporary Agency
Downtown Human Services Council,Job Readiness,(206) 461-3865,626 S. Jackson St.,Seattle,98104,,Job readiness and placement
General Employment Service Inc,Temporary Agency,(425) 251-5006 / (,,Tukwila,98188,http://www.corestaff.com,Temporary Agency
Labor Works - Tukwila,Temporary Agency,(206) 244-3213 / (,11234 Tukwila Internatio,Tukwila,98168,http://www.laborworx.com,Temporary Agency
Labor Ready - Renton,Temporary Agency,(425) 226-6613,950 Harrington Avenue,Renton,98056,http://www.laborready.com,Temporary Agency
Labor Ready - SeaTac,Temporary Agency,(206) 870-5128,20032 International Boul,SeaTac,98198,http://www.laborready.com,Temporary Agency
Labor Ready - Seattle,Temporary Agency,(206) 767-9299,9461 Delridge Way Sout,Seattle,98106,http://www.laborready.com,
Labor Ready - Seattle,Temporary Agency,(206) 332-9655,1250 South 1st Ave,Seattle,98134,http://www.laborready.com,Temporary Agency
Labor Ready - Seattle,Temporary Agency,(206) 522-0581,10109 Aurora Avenue No,Seattle,98133,http://www.laborready.com,Temporary Agency
Labor Ready - Seattle,Temporary Agency,(206) 381-1623,219 Pontius Avenue Nort,Seattle,98109,http://www.laborready.com,Temporary Agency
Labor Ready - Seattle,Temporary Agency,(206) 364-4725,12742 Northeast Lake Cit,Seattle,98125,http://www.laborready.com,Temporary Agency
Manpower - 24-hour Job Line,Temporary Agency,(206) 447-5627,N/A,Seattle,98101,http://www.us.manpower.com,Temporary Agency
Labor Ready - Woodinville,Temporary Agency,(425) 488-7102,17319 139th Avenue Nor,Woodinville,98072,http://www.laborready.com,Temporary Agency
Labor Works - Auburn,Call or write for more information,(253) 939-9675,901 Auburn Way North,Auburn,9802,http://wwwlaborworx.com,Call or write for more information.
Labor Works - Bellevue,Temporary Agency,(425) 643-2500,12001 NE 12th Street Suite 84,Bellevue,98005,http://www.laborworx.com,Temporary Agency
Labor Works - Burien,Temporary Agency,(206) 766-9675,14611 South 1st Avenue,Burien,98168,http://www.laborworx.com,Temporary Agency
Labor Ready - Kent,Temporary Agency,(253) 859-5780,225 State Avenue North,Kent,98030,http://www.laborready.com,Temporary Agency
Labor Works - Seattle,Temporary Agency,(206) 781-8582,6411 Roosevelt Way Nor,Seattle,98115,http://www.laborworx.com,Temporary Agency
Labor Ready - Seattle,Temporary Agency,(206) 782-9185,1112 Northwest Ballard,Seattle,98107,http://www.laborready.com,Temporary Agency
Laboratory Support On Assignment,Temporary Agency,(206) 622-6323,900 4th Avenue,Seattle,98164,,Temporary Agency
Labtemps / Medtemps,Temporary Agency,(425) 602-5775,2625 Northup Way,Bellevue,98004,http://www.pugetsoundstaffing.com,Temporary Agency
Lady Fridays Office Services,Temporary Agency,(206) 612-8206,7404 S 127th Street,Seattle,98178,,Temporary Agency
Lake Washington Technical College,Offers short-term training in office and customer service occupations; educational planning and career exploration for low-income parents.,(425) 739-8315,F 11605 132nd Ave NE,Kirkland,98034-,,"Offers short-term training in office and customer service occupations; educational planning and career exploration for low-income parents. Offers vocational training, job skill improvement, worker retraining programs, professional training certi"
Law Dawgs Legal Team Attorney,Temporary Agency,(206) 224-8269,1201 3rd Avenue,Seattle,98101,http://www.lawdawgs.com,Temporary Agency
Legal Ease LLC,Temporary Agency,(425) 822-1157,615 Market Street,Kirkland,98033,http://www.legalease.com,Temporary Agency
Lighthouse for the Blind,"Service, Office and System (SOS), provides specialized training program for people who are blind or visually impaired and want entry-level administrative positions. Work Adjustment, provides job counseling and training for blind and deaf-blind a",(206) 322-4200,2501 S Plum St,Seattle,98144,,"Service, Office and System (SOS), provides specialized training program for people who are blind or visually impaired and want entry-level administrative positions. Work Adjustment, provides job counseling and training for blind and deaf-blind a"
Long Service Corp.,Call or write for more information,(206) 763-8433,,Seattle,,,Call or write for more information.
Madden Industrial Craftsman,Temporary Agency,(425) 291-9190,252 Southwest 43rd Stree,Renton,98057,http://www.mici.biz,Temporary Agency
Community House Mental Health - Capitol Hill,"Provides assessment, work skills groups, and job placement for mentally ill adults.",(206) 322-2387,431 Boylston Ave E,Seattle,98102,,"Provides assessment, work skills groups, and job placement for mentally ill adults."
Employco Staffing Inc,Temporary Agency,(206) 624-1700,1511 3rd Avenue Suite 621,Seattle,98101,http://www.employcoinc.com,Temporary Agency
Manpower - Bellevue Professional,Temporary Agency,(425) 825-5627,,Bellevue,98004,http://www.us.manpower.com,Temporary Agency
Manpower - Bellevue,Temporary Agency,(425) 822-5060,11808 Northup Way,Bellevue,98005,http://www.us.manpower.com,Temporary Agency
"Labor Works - Corporate Offices, Auburn",Temporary Agency,(253) 939-9675,901 Auburn Way North,Auburn,98002,http://www.laborworx.com,Temporary Agency
King County Library System - Boulevard Park,Offers materials and Internet searching on job seeking and exploring a new career.,(206) 242-8662,12015 Roseberg Ave S,Seattle,98168,,Offers materials and Internet searching on job seeking and exploring a new career.
Command Staffing,Temporary Agency,(206) 223-1991,1900 Airport Way South,Seattle,98134,http://www.commandonline.com,Temporary Agency
Command Staffing,Temporary Agency,(425) 462-2700,,Bellevue,98004,,Temporary Agency
Command Labor,Temporary Agency,(253) 520-1050,307 Lincoln Avenue,Kent,98032,,Temporary Agency
Comforce Technical Services,Temporary Agency,(425) 883-2233,4002 148th Avenue Nort,Redmond,98052,,Temporary Agency
Labor Systems,Temporary Agency,(206) 542-9809,,Seattle,98133,,Temporary Agency
Coape Staffing Network,Temporary Agency,(253) 813-2677,1404 Central Avenue Sou,Kent,98032,http://www.coapestaffing.com,
Labor Ready - Bellingham,Temporary Agency,(360) 647-7642,1310 G Street,Bellingham,98225,http://www.laborready.com,Temporary Agency
King County Library System - Foster,Special Collections/Language Collection,(206) 242-1640,4060 S 144th St,Tukwila,98168,,"Offers a language collection, a special collection of ESL, and career development materials."
King County Library System - Shoreline,Maintains collection of documents,(206) 362-7550,345 NE 175th St,Shoreline,98155,,"Maintains collection of documents from the city of Shoreline, a languages collection, ESL, career center, consumer center and adult literacy."
King County Work Training Program,,(206) 296-5220,Seattle,,,,Call for more information.
Labor Express - Renton,Temporary Agency,(425) 226-5400,Renton,,98056,http://www.laborexpress.com,Temporary Agency
Cobos Group,Temporary Agency,(206) 340-1471,1001 4th Avenue Suite 3200,Seattle,98154,http://www.cobosgroup.com,Temporary Agency
Labor Express - Seattle,Temporary Agency,(206) 328-7307,419 Rainier Avenue Sout,Seattle,98144,http://www.laborexpress.com,Temporary Agency
Urban League of Metropolitan Seattle,Assists students in preparing for SAT,(206) 461-3792,105 14th Ave,Seattle,9812,http://www.urbanleague.org/,"Offers tutoring, scholarship services, and education enrichment program to meet state standards."
Labor Ready - Bellevue,Temporary Agency,(425) 686-8878,827 108th Avenue Northe,Bellevue,98004,http://www.laborready.com,Temporary Agency
Labor Express - Seattle,Temporary Agency,(206) 772-3322,Seattle,,98101,http://www.laborexpress.com,Temporary Agency
Northwest Harvest,Distributes food bags,(206) 625-0755,711 Cherry St,Seattle,98104,http://www.northwestharvest.org,"Distributes food bags to anyone in need; Monday and Wednesday 9:00am - 5:00pm. Bread and produce only. Tuesday, Thursday, and Friday 9:00am - 5:00pm. Clients may visit once per day. Provides baby food, formula."
Neighborhood Service Centers - Greater Duwamish,Emergency food,(206) 233-2044,2821 Beacon Ave. S.,Seattle,98144,,Emergency food
Neighborhood Service Centers - Greenwood,Emergency food,(206) 684-4096,8515 Greenwood Ave. S.,Seattle,98103-,,Emergency food
Neighborhood Service Centers - Lake City,Emergency food,(206) 684-7528,12525 28th Ave. NE (2nd,Seattle,98125-,,Emergency food
Neighborhood Service Centers - Queen Anne/Magnolia,Emergency food,(206) 684-4812,157 Roy Street,Seattle,98109-,,Emergency food
Neighborhood Service Centers - West Seattle,Emergency food,(206) 233-2045,4205 SW Alaska Atreet,Seattle,98116,,Emergency food
Neighborhood Service Centers - University,Emergency food,(206) 684-7542,4534 Unity Way NE,Seattle,98105-,,Emergency food
New Horizons Ministries,Drop-in center,(206) 374-0866,2709 3rd Ave,Seattle,98121,http://www.nhmin.org,"Drop-in center is open weekday mornings and several evenings for street youth, 22 and younger. Hot dinner four days each week. Call for hours and information"
Northwest Community Services Food Bank,Operates food pantry,(206) 723-4105,4205 Rainier Ave S,Seattle,98118,,"Operates food pantry for anyone in need; general public, Saturday 9:30am - 2:00pm, Wednesday 9:30am - 2:00pm. Seniors and disabled, prepares food bags for homebound or people with disabilities"
North Helpline Food Pantry,Operates food pantry,(206) 12707,30th Ave NE,Seattle,98125,http://www.northhelpline.org,Operates food pantry for North Seattle residents. General public Saturday 12:00pm - 2:00pm. Seniors/disabled Saturday 9:30pm - 11:30am. Photo ID and proof of address required. Distributes on-site
North Auburn Baptist Church - Food Bank,Operates a food bank,(253) 631-0528,1039 22nd St NE,Auburn,98002,,Operates a food bank in the Auburn area for anyone in need. Mondays 12:00pm - 2:00pm. Provides food delivery for homebound people
Neighbors Helping Neighbors - Delridge,Emergency food,(206) 684-7416,5405 Delridge Way SW,Seattle,98106-,,Emergency food
New Hope Lutheran Church,Provides food pantry,(253) 351-0450,603 3rd Ave SE,Pacific,98047-,,Tuesday: 11:00am - 2:00pm. Provides food pantry for Pacific and Algona residents. Pick up food during the hours listed above. Assistance available up to two times per month
Neighborhood Service Centers - Southeast,Emergency food,(206) 386-1924,3815 So. Othello St. Ste 1,Seattle,98118,,Emergency food
Lifelong AIDS Alliance,Provides food distribution and meal/grocery home delivery,(206) 957-1726,1002 E Seneca St,Seattle,98122,http://www.lifelongaidsalliance.org,Provides food distribution and meal/grocery home delivery for people living with HIV/AIDS who are Lifelong AIDS Alliance clients
Muckleshoot Family Resource Center,Provides food pantry,(253) 876-3336,38909 172nd Ave SE,Auburn,98092,http://www.muckleshoot.nsn.us,Provides food pantry for Muckleshoot tribal members and service area residents; diapers and home delivery available for eligible tribal members. Monday through Friday 10:00am - 4:00pm
Mount Si Helping Hand,Operates a food pantry,(425) 888-0096,North Bend Community 116 E 3rd St,North Bend,98045,,"Operates a food pantry for North Bend, Snoqualmie, and Fall City residents. Wednesday 9:30am - 1:00pm and 5:30pm - 6:30pm. Will provide emergency food on other days"
Millionaires Club,Services for the homeless,(206) 728-5627,2515 Western Ave,Seattle,98121-,,Services for the homeless
Mercer Island Youth and Family Services,"Food Assistance, Housing Assistance",(206) 236-3525,2040 84th Ave SE,Mercer Island,98040,http://www.mercergov.org/yfs,"Case management, emergency assistance for food, rent, utilities, and occasional other emergency needs for Mercer Island residents. Food pantry Monday through Friday 9:00am - 5:00pm"
Margie Williams Helping Hands Center,"Food Assistance, Clothing Assistance",(425) 687-8365,4519 NE 10th St,Renton,98059,http://www.mlkbaptist.com,Provides a food pantry and clothing bank. No geographic restrictions.
Margie Williams Helping Hands Center,"Food Assistance, Clothing Assistance",(425) 687-8365,13611 SE 116th,Renton,98056,,Provides a food pantry and clothing bank. No geographic restrictions.
Neighborhood Service Centers - Central,Food Assistance,(206) 684-4767,2301 S. Jackson Stret,Seattle,98144-,,Emergency food
Magnolia Helpline,Food Assistance,(206) 284-5631,,Seattle,98199,,"Provide vouchers for food, gas, bus tickets and prescriptions; occasional food. For residents of Magnolia ZIP code 98199 ONLY. Call between 9:00am and 12:00pm, Tuesday and Thursday."
Neighborhood Service Centers - Freemont,Food Assistance,(206) 684-4054,908 N. 34th,Seattle,98103-,,Emergency food
Muckleshoot Tribe,Food Assistance,(253) 939-3311,38909 172nd Ave SE,Auburn,98092,,"Tribal Contractors. Monday throught Friday 10:00am - 4:00pm. Provides food pantry for Muckleshoot tribal members and service area residents, diapers and home delivery available for eligible tribal members."
Multi-Service Center - Federal Way,"Food Assistance, Clothing Assistance",(253) 838-6810,1200 S 336th St,Federal Way,98003,http://www.multi-servicecenter.com,Operates food pantry and baby cupboard for Federal Way School district residents. Provides clothing to any South King County resident.
Neighborhood House Helpline,Food Assistance,(206) 767-7124,422 SW 102 St,Seattle,98146,http://www.nhwa.org,Distributes food bags and issues emergency food cards provided by the Seattle Emergency Feeding Program. Serves anyone in need.
Neighboorhood Service Centers - Delridge,Food Assistance,(206) 684-7416,5405 Delridge Way SW,Seattle,98106-,,Food bank and other services. Call for hours and information
Operational Emergency Center,Food Assistance,(206) 772-9232,11410 Renton Ave S.,Seattle,98178,http://www.oecagency.org,"Provides a food pantry for any King County resident; distributes commodities for residents of the zip codes 98118, 98178. An ID is required; may visit once per week."
Neighborhood Service Centers - Ballard,Food Assistance,(206) 684-4060,5604 22nd Ave NW,Seattle,98107-,,Emergency Feeding Program
Maple Valley Food Bank and Emergency Services,Food Assistance,(425) 432-8139,21415 Maple Valley Hwy,Maple Valley,98038,,"Operates food pantry for residents of the Tahoma School District, Covington, Hobart, Ravensdale, and Black Diamond area. Offers limited home delivery."
St. Stephen the Martyr Catholic Church,"Food Assistance, Housing Assistance",(253) 631-1044,13055 SE 192nd St,Renton,98055,,"Provides emergency food; Offers assistance for rent, energy and water bills, prescriptions and medical co-pays. Serves within parish boundaries only. NO move-in."
South King County St. Vincent De Paul - Holy Family Conference,Food Assistance,(253) 833-2546,717 Auburn Way N,Auburn,98002,,"Offers assistance with emergency food needs for Auburn, Algona, and Pacific residents."
Society of Saint Vincent De Paul - Food and Clothing Bank,"Food Assistance, Clothing Assistance",(206) 767-9975,5972 4th Ave S,Seattle,98108,www.stvincentdepaul-seattle.org,"Food pantry and baby cupboard for specific Georgetown, South Park and Tukwila ZIP codes; food bags daily for homeless clients; others may visit once per week."
Society of Saint Vincent De Paul Conference of Sacred Heart - Sack Lunch,Food Assistance,(206) 283-2104,232 Warren Ave N Suite B,Seattle,98109,,"Serves a sack lunch to anyone in need Monday through Friday, except holidays."
St. Francis House,Food Assistance,(206) 621-0945,169 12th Ave,Seattle,98122,,Provides food in emergencies only. AGENCY IS NOT A FOOD PANTRY; snacks and socialization are available.
Neighborhood Service Centers - Capitol Hill,Food Assistance,(206) 684-4574,425 Harvard Ave. E,Seattle,,,Emergency Feeding Program
Vashon Youth and Family Services,Food Assistance,(206) 463-5511,20110 Vashon Hwy SW,Vashon,98070,http://www.vyfs.org,"Provides food vouchers for Vashon Island residents, in collaboration with Vashon/Maury Island Food Bank."
Shoreline Community Care,Housing Assistance,(206) 517-0373,,Shoreline,,http://www.shorelinecommunitycare.net,"Provides limited help with eviction prevention, move-in, utilities and other basic needs for Shoreline residents; organization encourages spiritual involvement."
St. Lukes Operation Blessing,Food Assistance,(253) 941-7270,515 S 312th St,Federal Way,98003,http://www.stlukesfedway.org,Provides limited emergency food. Serves Federal Way School District residents and homeless clients. WALK-IN only.
Seattle Indian Center,Food Assistance,(206) 329-8700,611 12th Ave S #300,Seattle,98144,,Offers free food boxes to low-income Seattle and King County residents.
St. Thomas Catholic Church - Outreach,Food Assistance,(206) 242-5501,4415 S 140th St,Tukwila,98168,,Operates food bank. Wednesday 2:00pm - 3:00pm. Provides food bags to those who register before noon on Wednesday. For people living within parts of 98168 and 98188. See ELIGIBILITY for area served. May receive food every 4 weeks.
The Storehouse,Food Assistance,(253) 631-3038,26201 180th Ave SE,Covington,98042,,Delivers weekly food boxes to families in need in the Covington area. No walk-in services.
Tolt Congregational United Church of Christ,Food Assistance,(425) 333-4254,4851 Tolt Ave,Carnation,98014,http://www.toltucc.org,"Provides emergency vouchers for utilities, food, prescriptions and gasoline for Snoqualmie Valley residents."
Tukwila Pantry,Food Assistance,(206) 431-8293,Riverton Park United Met 3118 S 140th St,Tukwila,98168,http://tukwilapantry.org,"Operates food bank for Tukwila, SeaTac, Burien, Boulevard Park and Skyway. Monday and Wednesday 1:00pm - 4:00pm, Saturday 11:00am - 2:00pm. ID and proof of address required after first visit."
Union Gospel Mission,Food Assistance,(206) 622-5177,318 2nd Ave,Seattle,98104,,Call for schedule and information
University District Food Bank,Food Assistance,(206) 523-7060,1413 NE 50th St,Seattle,98105,http://www.udistrictfoodbank.org,"Food pantry and baby cupboard. General public: Wednesday 9:30am - 1:30pm, Fridays 12:00pm - 4:00pm. Seniors and disabled: Tuesdays"
University Street Ministry,Food Assistance,(206) 522-4366,4740 University Way NE,Seattle,98105,http://www.USMininstry.net,"Offers free meal for youth, ages 13 - 25, from Wednesdays and Thursday 7:00pm - 8:00pm. May also have clothing, toiletries, and books available."
King Conty Department of Community and Human Services - Veterans,"Food Assistance, Housing Assistance",(206) 296-7656,"Wlthew Building 123 3rd Ave S, S",Seattle,98104,http://www.metrokc.gov/dchs/csd/vetera,"Helps veterans with/without children with emergency vouchers for food, shelter, utilities, eviction prevention and move-in costs."
Queen Anne Helpline,Food Assistance,(206) 282-1540,311 W McGraw St,Seattle,98119,http://www.queenannehelpline.org,Provides emergency food bags and vouchers for Queen Anne residents living in ZIP codes 98109 and 98119. Available one time per year. NO OTHER ZIP CODES.
Overlake Service League,Food Assistance,(425) 451-1175,This address is confidential,Bellevue,98004,http://www.overlakeserviceleague.com,Provides emergency food for Bellevue School District residents only. Offers assistance during school breaks. Home visit required eligibility.
King Pacific/Algona Community Senior Center,Food Assistance,(253) 929-1150,100 3rd Ave SE,Pacific,98047,,Distributes federal commodities and bread and baked goods twice a month to zip codes 98001 and 98047.
Phinney Ridge Lutheran Church Food Bank,Food Assistance,(206) 784-7964,7500 Greenwood Ave N,Seattle,98103,http://www.prlc.org,"Operates food pantry for North Seattle residents; zip codes 98103, 98107, 98117, 98125, 98133 and 98177; clients MUST call for appointment to pick-up food."
Pike Market Senior Center/Downtown Food Bank,Food Assistance,(206) 626-6462,1531 Western Ave 5th Floor,Seattle,98101,http://www.figgypudding.org,"Provides food to downtown Seattle, Capitol Hill and Queen Anne residents weekly; No-cook food bags available for homeless; Commodities once per month. Provides baby food, formula and limited supply of diapers; Serves downtown Seattle, Queen Anne, Capitol Hill."
Plateau Outreach Ministries,"Food Assistance, Clothing Assistance",(360) 825-8961,1749 Cole St,Enumclaw,98022,,Provides food and clothing to anyone in need; Wednesday 10:00am - 12:00pm. Clients can visit weekly.
Preston Baptist Food Bank,Food Assistance,(425) 222-7360,31104 SE 86th St,Preston,98050,http://www.prestonbaptistchurch.org,Operates food pantry for anyone in need; Thursdays 11:00am - 12:00pm. Delivery service is available to shut-ins.
Society of Saint Vincent De Paul - Council of Seattle Area,"Food Assistance, Vouchers",(206) 767-6449,Administrative Offices 5950 4th Ave S,Seattle,98108,http://stvincentdepaul-seattle.org,"Provides vouchers to grocery stores and referrals to food pantries, by appointment only; serves Seattle/King County residents."
Puget Sound Labor Agency - King County Offices,Food Assistance,(206) 448-9277,"Seattle Labor Temple 2800 1st Ave, R",Seattle,98121,,Provides food pantry for union members and some residents of Central Seattle and Queen Anne.
Our Lady of Mt. Carmel Center,Food Assistance,(206) 324-1305,508 Broadway,Seattle,98122,http://www.seattlemtcarmel.org,"Provides a daily drop-in center, with soup, sandwich and dessert meal from 9:00am - 11:00am. Offers computer classes, telephone, mail pick-up services, and a library."
Salvation Army - Outreach Ministries Department - North Seattle,Food Assistance,(206) 783-1226,9501 Greenwood Ave N,Seattle,98103,http://www.nwarmy.org,"Provides emergency food bags to families, the homeless, low-income seniors and people with disabilities."
Salvation Army - Social Services Department - East King,Food Assistance,(425) 452-7300,911 164th Ave NE,Bellevue,98008,http://www.salvationarmynw.org,Provides food bags and referral cards to the Emergency Feeding Program; Assistance three times per year.
Salvation Army - Social Services Department - Federal Way/Des Moines,Food Assistance,(253) 946-7933,26419 16th Ave S,Des Moines,98198,http://www.nwarmy.org,Provides emergency food bags once per month to clients in Federal Way/Des Moines area; ID and verification of income and address required.
Providence Regina House,Food Assistance,(206) 763-9204,8201 10th Ave S,Seattle,98108,,"Distributes food to anyone in need, including infant and toddler food and supplies; Clients may visit once each week."
Center for Empowerment,Food Assistance,(206) 722-7310,7930 Rainier Ave S,Seattle,98118,http://www.centerforempowerment.org,Provides food weekly in Rainier Valley; Works to offer food consistent with the diets of an ethnically diverse area; Offers some clothing.
Des Moines Area Food Bank,Food Assistance,(206) 878-2660,United Methodist Church 22225 9th Ave S,Des Moines,98198,http://www.myfoodbank.com,"Operates food bank for residents of Des Moines, SeaTac and West Hill of Kent; Monday, Wednesday, and Friday 9:00am - 11:45am. Clients may visit once per month."
Boomtown Café,Food Assistance,(206) 625-2989,513 3rd Ave,Seattle,98104,,Hearty meals from 7:30am - 1:00pm daily.
Bread of Life Mission,Food Assistance,(206) 682-3579,97 S Main St,Seattle,98104,http://www.breadoflifemission.org,Prepared meals served
Breath of Life Seventh Day Adventist Church,"Food Assistance, Clothing Assistance",(206) 762-0333,9807 26th Ave SW,Seattle,98106,,Serves a hot meal and offers clothing to anyone in need. Distributes sandwiches on the third Sunday of the month at 4:30pm and on the second Saturday of the month at 12:00pm.
Butterfly Thrift Shop,Financial Assistance,(425) 486-3552,10216 NE 183rd,Bothell,98011,,"Provides emergency financial assistance to people in the Northshore School District for basic needs such as food, clothing, rent, utilities, etc. Will consider any need."
Capitol Hill Community Resource Center,Food Assistance,(206) 322-4567,509 10th Ave E,Seattle,98102,http://www.chcrc.org,"Offers food bags, including bags for people with special needs, for anyone in need; Tuesday and Thursday 1:00pm - 4:00pm."
Black Diamond Community Center,"Financial Assistance, Food Assistance, Clothing Assistance",(360) 886-1011,"31605 3rd Ave, Hwy 169",Black Diamond,98010-,,"Offers emergency food, clothing, motel vouchers, rent, move-in and utility help. Also serves Covington and Lake Meridian."
Catholic Community Services - Family Center - South King,Food Assistance,(253) 854-0077,1229 W Smith St,Kent,98035,http://www.ccsww.org,Provides emergency food provisions for homeless clients during hours when food banks are closed.
Beacon Avenue Food Bank,Food Assistance,(206) 722-5105,Bethany Church of Christ 6230 Beacon Av,Seattle,98108,,"Provides food for anyone in need, including limited diapers, baby food and formula; Wednesdays and Fridays 12:00pm - 2:00pm."
Center for Human Services - Shoreline Family Support Center,"Food Assistance, Clothing Assistance",(206) 362-7282,17018 15th Ave NE,Shoreline,98155,,"Provides information and referral, operates a children's clothing exchange, and provides limited numbers of food bags for Shoreline families in need."
Central Area Motivation Program,Food Assistance,(206) 812-4970,722 18th Ave,Seattle,98122,,"Serves clients living in zip codes 98102, 98112 and 98122. Call for food pantry hours and special hours for seniors."
Chief Seattle Club,"Food Assistance, Clothing Assistance",(206) 623-7219,113 Cherry St,Seattle,98104,http://www.chiefseattleclub.org,"Drop-in center provides food, clothing, hygiene facilities, nursing, social time, benefits help for Native Americans and Native Alaskans; Monday Through Friday 7:00am - 9:00am."
Childrens Home Society of Washington - North Seattle Family Center,"Food Assistance, Clothing Assistance",(206) 364-7930,3200 NE 125th St Suite 2,Seattle,98125,http://www.chs-wa.org,"Provides food bags, children's and maternity clothing, diapers; DSHS and Help for Working Families representatives on-site; Serves residents of North Seattle."
Church by the Side of the Road,Food Assistance,(206) 243-5024,3455 S 148th St,Seattle,98168,,"Operates a food pantry for Tukwila and SeaTac. ZIP Codes: 98168, 98188 ONLY. Photo ID and proof of address."
Community Meals,Food Assistance,(425) 284-2218,12828 Northrup Way Suite 100,Bellevue,98005,,"Community Meals brings supper to the hungry, five nights a week in Bellevue and Issaquah."
Catholic Community Services - Family Center - South King,"Food Assistance, Financial Assistance",(253) 850-2523,1229 W Smith St,Kent,98035,http://www.ccsww.org,"Offers assistance with food, eviction prevention, and utilities; SOME move-in, bus, gas, motel vouchers; ONLY for families with children, seniors, and disabled."
King Youthcare - Orion Multi-Service Center,Food Assistance,(206) 622-5555,1828 Yale Ave,Seattle,98101,http://www.youthcare.org,"Provides mobile outreach unit to help youth access social services; offers hot meals, referrals, clothing, showers, and hygiene items."
Kent Lutheran Church - Kent Community Supper,Food Assistance,(253) 852-2057,336 S 2nd Ave,Kent,98032,,Provides non-perishable snack foods for anyone in need.
Neighborhood Service Centers - Downtown,Food Assistance,(206) 233-8560,202 Yesler Way,Seattle,98104,,Emergency food services
Vashon/Maury Island Food Bank,Food Assistance,(206) 463-6332,10030 210th St,Vashon,98070,,Provides food pantry and commodities; limited delivery to seniors and homebound.
Volunteers of America Western Washington - Greenwood Food Bank,Food Assistance,(206) 782-6731,9747 Greenwood Ave N,Seattle,98103,http://www.voaww.org,Provides food and baby items; home delivery available.
Washington Conference of Seventh Day Adventists - Health and Community,Food Assistance,(253) 681-6008,"3450 S 344th Way, Suite",Federal Way,98001,,Refers to organizations providing emergency food.
West Seattle Food Bank,Food Assistance,(206) 932-9023,3518 SW Genesee St,Seattle,98126,http://www.seattlefoodbank.org,Provides food pantry and baby items for West Seattle residents.
Blessed Sacrament Church Food Bank,Food Assistance,(206) 547-3020,5050 8th Ave NE,Seattle,98105,http://www.blessed-sacrament.org/foodb,Provides a food pantry for parish residents; proof of address required.
World Impact Network,Food Assistance,(425) 643-8246,2015 Richards Rd SE,Bellevue,98005,,Operates a food bank for those in need; clients may visit once per week.
White Center Food Bank,Food Assistance,(206) 762-2848,10829 8th Ave SW,Seattle,98146,http://www.whitecenterfoodbank.org,Provides food for White Center residents; proof of address required.
American Legion,Clothing Assistance,(206) 220-6223,915 2nd Ave,Seattle,98174,http://www.legion.org/,Provides financial assistance for children of war-time vets.
Asian Counseling and Referral Service,Food Assistance,(206) 292-5714,515 10th Ave S,Seattle,98144,http://www.acrs.org,Provides culturally specific emergency food to the community.
Kent Food Bank and Emergency Services,Food Assistance,(253) 638-8690,27309 30th Ave SE Building 11,Kent,98030,,Provides food for specific ZIP codes on Thursdays.
Hopelink - Bellevue,Food Assistance,(425) 943-7555,14812 Main St,Bellevue,98007,http://www.hope-link.org,Operates a food bank for Bellevue and Mercer Island residents.
Hopelink - Kirkland,Food Assistance,(425) 889-7880,13013 NE 65th St,Kirkland,98033-,,Operates a food pantry for specific ZIP codes; provides emergency food bags.
Hopelink - Northshore,Food Assistance,(425) 485-6521,18220 96th Ave NE,Bothell,98011-,http://www.hope-link.org,Operates food pantry for Bothell residents; limited food bags and home delivery.
Highline Area Food Pantry,Food Assistance,(206) 433-9900,18300 4th Ave S,Seattle,98148,,Operates food bank for Highline/Burien area residents; clients may visit once per week.
Immanuel Community Services,Food Assistance,(206) 622-1930,1215 Thomas St,Seattle,98109,,Distributes food to those in need on specific Fridays.
Issaquah Valley Community Services - Food and Clothing Bank,Food Assistance,(425) 392-4123,179 1st Ave SE,Issaquah,98027,,Distributes food to residents of specific ZIP codes once per week.
Jewish Family Service - Seattle,Food Assistance,(206) 461-3240,1601 16th Ave,Seattle,98122,,Serves specific ZIP codes and all Jewish people in King County; may provide pet food.
Downtown Food Bank,Food Assistance,(206) 626 6462,1531 Western Ave 5th Fl,Seattle,98101,,Call for more information
Washington Council of the Blind,Financial Assistance,(800) 255-1147,1503 5th Ave W,Seattle,98119,http://www.wcbinfo.org,"Provides one-time financial assistance for food, medicine, or utilities."
Kent Food Bank and Emergency Services,Food Assistance,(253) 520-3550,515 W Harrison St Suite 107,Kent,98032,,"Provides food for ZIP codes 98030, 98031, 98042, part of 98032; Open Monday, Tuesday, Wednesday, Friday 10:00am - 2:00pm, Second Wednesday 5:00pm - 6:00pm"
Hopelink - Redmond,Food Assistance,(425) 882-0241,16225 NE 87th St Suite A1,Redmond,98052,http://www.hope-link.org,"Operates a food bank for residents of 98052, 98053, and 98074; Provides emergency food bags and delivery for homebound clients."
Federal Way Community Caregiving Network,Food Assistance,(253) 661-0505,Church of the Good Shep 345 S 312th St,Federal Way,98003,,"Provides food bags, eviction prevention, move-in assistance, motel vouchers, gasoline vouchers, and referrals; Walk-in only on Tuesday and Friday 10:00am - 11:00am."
Family Kitchen,,(206) 322-2447,803 Terry,Seattle,98104,,Call for information
Gethsemane Community Services,,(206) 682-3620,911 Steward St,Seattle,98101,http://www.urbanfaith.org,"Issues vouchers for stays at Compass Center and Bread of Life, provides food sacks, mail service, and local phone use."
El Centro De La Raza,Food Assistance,(206) 957-4634,2524 16th Ave S,Seattle,98144,http://www.elcentrodelaraza.com,Operates a food pantry for low-income residents of ZIP codes 98108 and 98144 and all Chicano/Latino individuals regardless of residence.
Enumclaw Kiwanis Food Bank,Food Assistance,(360) 825-6188,1350 Cole St,Enumclaw,98022,,Food pantry for Enumclaw School District residents. Open Monday and Wednesday 9:00am - 11:45am. May visit once per month.
Eastside Love Inc - Church Services Network,Food Assistance,(425) 869-9561,16522 112th Lan,Bothell,98011,,"Offers fresh produce, dairy, and bread for anyone in need; Primarily for Eastside residents."
Federal Way Community Caregiving Network,Food Assistance,(253) 661-0505,Steel Lake Presbyterian 1829 S 308th St,Federal Way,98003,,Serves hot meals to anyone in need on Monday at Steel Lake Presbyterian. Hygiene items and winter supplies may be available.
Federal Way Community Caregiving Network,Food Assistance,(253) 661-0505,Calvary Lutheran Church 2415 S 320th St,Federal Way,98003,,Serves hot meals to anyone in need on Thursday at Calvary Lutheran Church. Hygiene items and winter supplies may be available.
Food Banks @ St. Mary's,Food Assistance,(206) 324-7100,611 20th Ave S,Seattle,98144,,"Provides food pantry for Seattle residents, offers baby food and supplies on the 1st week of Tuesday, March 29, 2011. No-cook bags for homeless individuals and commodities for the east half of 98144. Open Tuesday, Thursday, Saturday 10:00am - 1:00pm."
Federal Way Senior Center,,(206) 838-3604,4016 S 352nd St,Auburn,98001,http://www.fedearlwayseniorcenter.org,"Lunch served on weekdays. Food bank contains donated food items and sometimes pet food. Payment options: Free, low-cost/sliding-scale/negotiable."
Fremont Public Association,Food Assistance,(206) 694-6757,P.O. Box 31151,Seattle,98103,,Food bank and other services
Filipino Community of Seattle,Food Assistance,(206) 722-9372,5740 Martin Luther King,Seattle,98118,http://www.filcomseattle.org/,"Emergency food bags available for older adults, coordinated by the Pacific Asian Empowerment Program."
Fish (SE Asian Specialty Diet FB),Food Assistance,(253) 473-5666,Pacific,98047,,www.fishfoodbanks.org,"(Cambodian, Laotian, and Vietnamese)"
Food Assistance,,(877) 644-3663,,,,,"Referrals, call for information"
Federal Way Food Bank,Food Assistance,(253) 838-6810,Federal Way,,,,"Open Monday, Wednesday, Friday 10:00am - 2:00pm. Serves Federal Way School District. Call for more information."
Familyworks,Food Assistance,(206) 694-6723,1501 N 45th St,Seattle,98103,http://www.familyworksseattle.org,"Provides food pantry, commodities, baby food, and formula once per week. Serves residents of 98103, 98107, 98115, and 98133."
Food Lifeline,Food Assistance,(206) 545-6600,1702 NE 150th St,Shoreline,98155-,,Refers individuals in need of emergency food to food pantries throughout Western Washington.
Housing Authority of King County,Housing Assistance,(206) 574-1100,600 Andover Park West,Seattle,98188,http://www.kcha.org/,Call or write for more information and availability
Housing Authority of King County,Housing Assistance,(206) 368-7130,2200 NE 201st Place,Seattle,98155,,"Low-income housing for families of 2 or more, seniors, disabled persons, and singles. Open Monday through Friday 9:00am - 4:15pm. Rental housing at 30% of adjusted income"
Housing Authority - Seattle,Housing Assistance,(206) 615-3300,120 6th Ave. North,Seattle,98109-,www.seattlehousing.org,Call or write for more information and availability
Housing Authority,Housing Assistance,(425) 226-1850,P.O. Box 2316 2900 NE 10th St,Renton,98056,www.rentonhousinf.org,Call or write for more information and availability
Low Income Housing Alliance - International District,Housing Assistance,(206) 623-5132,606 Maynard Ave. South,Seattle,98104,,Low-income housing for individuals and families. Contact hours Monday through Friday 9:00am - 5:00pm. Housing referrals and relocation assistance
Houses of Meaningful Emergencies (HOME),Housing Assistance,(206) 322-8738,206 21st Ave,Seattle,98122,,Call or write for more information and availability
Hospitality House,Housing Assistance,(206) 242-1860,15003 14th Ave SW,Seattle,98166,,Operates 9-bed shelter for single women ages 18 and over with stays up to 3 months. Call for screening/intake.
Hopelink Emergency Family Shelter,Housing Assistance,(425) 89-6000,16225 NE 87th Street Ste P.O. Box 3577,Redmond,98073-,http://www.hopelink.org,"Provides limited motel vouchers to homeless families, elderly, disabled; screening required. 9-unit shelter in Kenmore provides up to 3 weeks shelter for Greater Seattle and Eastside residents."
Inglewood Oxford House (Men’s),Housing Assistance,(206) 954-8311,14819 - 75th Avenue NE,Kenmore,98028,http://www.waoxfordhouse.org/,"Oxford House provides housing for clean and sober men, single and double rooms available. All-male house. Children allowed to visit. Houses not generally handicapped accessible. Average 30 days sober."
Hopelink - Transitional Housing,Housing Assistance,(425) 454-7022,9451 Avondale Rd Dixie,Redmond,98052,http://www.hope-link.org,Operates transitional housing program for homeless families with children; provides case management and life skills training.
Hopelink - Transitional Housing,Housing Assistance,(425) 454-7022,10116 SE 6th St,Bellevue,98004,http://www.hope-link.org,"Operates transitional housing program for homeless families with children; provides case management and life skills training. Emergency Shelter - Alcohol and Drug Free, Emergency Shelter - Women with Children and more"
House Of Hope - Mammas Hands,Housing Assistance,(206) 915-2073,PO Box 40464,Bellevue,98015,http://www.mammashands.org,Provides semi-confidential shelter for pregnant women and women with children; may serve those fleeing domestic violence. No boys older than 10.
Housing Authority of Sedro-Woolley,Housing Assistance,(206) 244-7750,C/O King County Housing,Seattle,98188-,,Senior Housing Assistance Programs Public housing Low Income Disability / Medical
Housing Authority of the City of Seattle,Housing Assistance,(206) 615-3500,120 6th Ave N.,Seattle,98109,http://www.seattlehousing.org/,"Low income families, seniors and disabled persons. Monday through Friday 8:00am - 5:00pm. Permanent low rent housing. Housing trust, Section 8 program, Special needs housing, Tax credit Fair housing / Antidiscrimination Advocacy. Services for the homeless."
Housing Development Consortium of Seattle-King Co.,Housing Assistance,(206) 682-954,"1000 8th Ave, #105",Seattle,98104,http://www.HDC-Kingcounty.org,Call or write for more information and availability
Housing Resources Group (HRG),Housing Assistance,(206) 623-0506,1651 Bellevue Avenue,Seattle,98122,http://www.hrg.org/,"Develops, renovates and manages low-income rental housing in Seattle's Downtown and other surrounding neighborhoods. Focus on individuals, families, seniors and assisting service organizations to build special needs housing."
International Apartments,Housing Assistance,(206) 682-6996,315 Maynard Ave. South,Seattle,98109,,Low income apartments in downtown Seattle area. 30% of monthly income. Ages 62+. One month rent in advance. Studio Apartments. Utilities included.
Imperial Apartments,Housing Assistance,(206) 624-1845,514 South Main Street,Seattle,98109,,Low Cost Apartment in downtown Seattle area. 30% of monthly income. One month rent in advance. Wheelchair access. Elevator. Utilities included.
Ingraham Heights Oxford (Men’s),Housing Assistance,(206) 367-6092,1649 North 130th,Seattle,98133,http://www.waoxfordhouse.org/,Oxford House provides independently run residential housing for clean and sober men. Single and double rooms rented. House is all male. Children are allowed to visit. Houses are not generally handicapped accessible.
Interaction Transition,Housing Assistance,(206) 324-3932,935 16th Ave.,Seattle,98122,,Participation in an institution group for pre-screening. Deposit plus monthly rent. Monday through Friday 8:00am - 5:00pm. Transitional housing. Apply with a letter of inquiry. Housing inquiries should be made 9 to 12 months before release date.
Intercommunity Mercy Housing,Housing Assistance,(206) 448-3264,2505 Third Ave Suite 3,Seattle,98121,http://www.cfd.wa.gov/CharityGuide/ww,"Affordable housing developer dedicated to creating and strengthening healthy communities through the provision of quality, affordable, service-enriched housing for individuals and families who are economically poor. Tax Status 501c3."
Interfaith Hospitality Network Of Seattle,Housing Assistance,(206) 363-3199,14522 20th Ave NE,Shoreline,98155,,"Provides short-term housing, food, and case management for families with children. Must work toward self-sufficiency."
Interim Community Development Association,Housing Assistance,(206) 624-1802,308 6th Ave. So,Seattle,98104,http://www.cfd.wa.gov/CharityGuide/ww,"A comprehensive community development corporation in the business of promoting, advocating and revitalizing the International District and other Asian Pacific American communities in the Puget Sound area for the benefit of low and moderate income residents."
Hopelink - Sno-Valley,Housing Assistance,(206) 292-8037,31957 E Commercial St,Carnation,98014,http://www.hope-link.org,"Offers limited motel vouchers for homeless families with children, seniors, persons with disabilities. Clients must have some connection to Sno-Valley area."
King Hill Top Apartments,Housing Assistance,(206) 624-5704,1005 Terrace Street,Seattle,98109,,"Low Cost Apartment in Downtown Seattle area. $175.00 - $314.00 a month. 1 bedroom apartments, Studios apartments. Elevator. Utilities included."
Isis House - Youthcare,Housing Assistance,(206) 522-8412,5825 16th Ave NE,Seattle,98105,http://www.youthcare.org,"Provides transitional housing and support services for street involved youth, ages 18 to 21, especially gay, lesbian, and transgender youth."
Immanuel Community Services,Housing Assistance,(206) 622-1930,1215 Thomas St,Seattle,98109,,Operates nightly program for single men in recovery; referral from treatment program or Matt Talbot Center required. Clients must be 14 days clean and sober.
Home Society (Seattle),Housing Assistance,(206) 957-2222,,Seattle,,http://www.welcomehomesociety.org/,WELCOME HOME is a therapeutic community - an abstinence-based residential treatment center for 19 - 40 year old troubled men and women.
May Valley Mobile Home Park,Housing Assistance,(425) 917-0459,11414 164th Ave. SE,Renton,98059,,"65-unit mobile home park for family, couples and individuals."
Issaquah Church And Community Services,Housing Assistance,(425) 391-0137,190 E Sunset Way,Issaquah,98027,,Provides one-night motel vouchers to assist in emergency situations for Issaquah School District residents only.
"Guided Path, The - Downtown Emergency Service Center (DESC)",Housing Assistance,(206) 464-1570,515 Third Avenue,Seattle,98104,,"210 Jefferson St. (alley entrance). Age 18+. Priority to women, men over 60, mentally ill, physically or developmentally disabled. Chemically dependent persons who are willing to engage in services to treat their addiction."
H.O.M.E. (Men's homeless shelter),Housing Assistance,(253) 630-5902,14200 SE 272nd St. #D2,Kent,98042,,Call or write for more information and availability. Shelters.
Habitat for Humanity of East King County,Housing Assistance,(425) 869-6007,P.O. Box 817,Redmond,98073,http://habitatekc.org/Index.html,"Using volunteers and a self-help, sweat-equity partnership approach, we construct simple, affordable homes for purchase by low-income, habitat-eligible families. Volunteer Opportunities."
Habitat for Humanity of Seattle/South King County,Housing Assistance,(206) 292-5240,13925 Interurban Ave. S.,Tukwila,98168,http://www.seattle-habitat.org/,Home ownership program building homes in partnership with volunteers and low-income families. Building approximately 17 homes per year in Seattle and South King County. Volunteer Opportunities.
Halcyon House,Housing Assistance,(425) 643-7806,1202 134th Ave NE,Bellevue,98005,,Housing for people with developmental disabilities.
Hammond House - Womens Emergency Shelter,Housing Assistance,(206) 357-3222,121 Stewart St,Seattle,98101,http://www.compasscenter.org,Provides emergency shelter for single adult women. Includes dinner and breakfast. REFERRAL REQUIRED from Women's Referral Center or case manager; unlimited stay.
Harmony House Transitional Housing,Housing Assistance,(206) 729-1407,6524 62nd Ave,Seattle,98115,http://www.friendsofyouth.org,"Provides transitional housing for pregnant or parenting mothers, age 18 - 21, with one child under 3 years. Assistance with social services."
Harrington House,Housing Assistance,(425) 643-1434,15980 NE 8th St.,Bellevue,98008,http://www.ccsww.org,"Harrington House offers transitional housing for pregnant or parenting women with a child younger than 1 year old. Emergency Shelter - Alcohol and Drug Free, Emergency Shelter - Women with Children."
Hazel Plaza,Housing Assistance,(206) 329-7303,2021 East John,Seattle,98109,,"Low cost apartment in downtown Seattle area. Fees: 30% of monthly income. One month rent in advance. 1, 2, and 3 bedroom apartments."
Helen B. Ratcliff Work Release,Housing Assistance,(206) 720-3005,1531 13th Ave. S,Seattle,98144,,"CAPACITY: 47. Helen B. Ratcliff Work Release was named in honor of Helen B. Ratcliff for her work in the criminal justice system and opened June 17, 1988. It is an all-female work release program located in Seattle, Washington."
Home Of Hope Apartments,Housing Assistance,(206) 694-4500,,Seattle,,http://www.youthcare.org,"Offers up to 24 months of supported transitional housing for young adults, ages 18 through 24, who have been in transitional housing elsewhere for six months."
Home,Housing Assistance,(253) 850-2517,,Kent,,,"Home offers shelter for homeless men, along with emergency financial aid, education, interpersonal and employment counseling. Shelters."
Hopelink - Shoreline,Housing Assistance,(206) 292-8037,15809 Westminster Way,Shoreline,98133,http://www.hope-link.org,"Offers limited motel vouchers for homeless families, seniors, or persons with disabilities. Client's last permanent address must have been in Shoreline area."
Homeless Outreach Mobilization Effort (HOME),Housing Assistance,(253) 631-2931,P.O. Box 6474,Kent,98064,http://www.mytowncommunity.com/serv,"Our program provides a place to sleep and meals for 30 men, 365 days a year. We move each month with many churches involved. Shelters."
Homelessness Project,Housing Assistance,(206) 525-1213,Church Council Of Great,Seattle,98109,http://www.thechurchcouncil.org,Offers transitional housing and support services for homeless families and women with children. Clients must be referred by a shelter. Rent is 30% of income.
Homes First,Housing Assistance,(206) 723-4355,5117 Rainier Ave,Seattle,98118,http://www.homesightwa.org/,"Revitalizes communities in Seattle, South King and Snohomish Counties by combining housing development, homebuyer education, and down payment assistance to help low/moderate income households. Over 700 families prequalified for homeownership."
Homestead Community Land Trust,Housing Assistance,(206) 323-1227,2017 E Spruce Street,Seattle,98122,http://www.cfd.wa.gov/CharityGuide/ww,"We are a democratic, open membership organization creating and permanently preserving affordable homeownership in Seattle and facilitating community reinvestment without displacing low-income households."
Homestead Organizing Project,Housing Assistance,(206) 525-1213,2129 2nd Ave.,Seattle,98121,,Cooperative Coed Housing for single men and women
Hope Project,,,14044 NE 8th St.,Bellevue,98007,,Call or write for more information and availability
Hopelink,Housing Assistance,(425) 454-7022,14469 Simonds Rd NE,Bothell,98011,http://www.hope-link.org,Operates 15 units of transitional housing for families of seven or fewer members; Section 8 income scales apply.
Hopelink,Housing Assistance,(425) 485-6521,18220 96th Ave. NE,Bothell,98011,,"Motel vouchers for families, N. King County"
Hopelink,Housing Assistance,(206) 292-8037,Kenmore,,98028,http://www.friendsofyouth.org,"Provides shelter for women with children, men with children, and couples with children. Program has a 9-unit apartment complex, and families are able to have their own apartment for up to a 3-week stay."
Hopelink,Housing Assistance,(425) 869-6000,P.O. Box 3577 16225 NE 87th,Redmond,98073,http://www.hopelink.org,"Eviction prevention support, emergency family shelter, and transitional housing programs."
Hopelink,Housing Assistance,(425) 454-7022,18435 NE 98th Way,Redmond,98052,http://www.hope-link.org,"Operates 12 units of transitional housing, primarily for families of any size; Section 8 income scales apply for 10 family units; flat fees for 2 smaller units."
Hopelink - Bellevue,Housing Assistance,(206) 292-8037,14812 Main St,Bellevue,98007,http://www.hope-link.org,"Offers limited motel vouchers for homeless clients with an association to Bellevue, New Castle, or Mercer Island areas; Requires screening by Kenmore shelter."
Hopelink - Northshore,Housing Assistance,(206) 292-8037,18220 96th Ave NE,Bothell,98011,http://www.hope-link.org,"Provides motel vouchers for homeless families, seniors, or persons with disabilities; must live in, or have some connection to the Bothell area."
Hickman House,,(206) 932-5341,,Seattle,,,"Accepts people with a criminal History. No Sex offences on children. Does not accept applications from soon to be released people. Women with children only. Must be homeless due to domestic violence. 30% of income, no deposit. Single / family? Women w/chi"
Multi-Service Center - South King County,Housing Assistance,(253) 854-343,1200 South 336th St.,Federal Way,98003,http://www.multi-servicecenter.com,"Senior Housing, Federal Way Food Bank, Federal Way Rotary Clothing Bank, Employment Program, Literacy, Low-Income Home Energy Assistance, Long-Term Care Ombudsman, Emergency Shelter, Transitional and Low-Income Rental Housing. (Does not serve Seattle)"
Maple Place Transitional Housing,,(425) 432-2119,P.O. Box 1092,Maple Valley,98038,,Call or write for more information and availability
Greenwood Oxford (Men’s),Housing Assistance,(206) 784-3617,156 NW 83rd Street,Seattle,98117,http://www.waoxfordhouse.org/,Oxford House provides independently run residential housing for clean and sober men. Single and double rooms rented. House is all male. Children are allowed to visit. Houses are not generally handicapped accessible. Average 30 days sobr
Matt Talbot Center,,(206) 256-9865,,Seattle,,,"A treatment center for drug and alcohol addiction and relapse prevention. The center has the capacity to enroll 50 individuals at any given time and enrolls more than 250 people yearly. Additional services include a weekend recreational program, housing"
Echo Lake Oxford (Women’s),Housing Assistance,(206) 417-5701,420 NE 189th Court,Shoreline,98155,http://www.waoxfordhouse.org/,Oxford House provides independently run residential housing for clean and sober men and women. Single and double rooms rented. Houses are either all male or all female. Housing now available for women with children. Children are allowed to visi
Meadowbrook View Apartments,,(206) 361-3750,11032 Lake City Way NE,Seattle,98125,,50 units studio through 4 bedroom and townhouses
Melrose Apartments,Housing Assistance,(206) 623-1275,1520 Melrose Ave.,Seattle,98102,,Low cost apartments in the downtown Seattle area. $180.00 - $325.00. Studio Apartments
Metropolitan Development Council,,(253) 597-6710,,,,,Call or write for more information and availability
Millionaire Club Charity,,,2515 Western Ave.,Seattle,98121,,Call or write for more information and availability
Mirror Lake Taylor House,,(253) 691-7463,31218 2nd Ave. SW,Federal Way,98023,,"Please note Taylor Houses does not accept any murder, arson, sex offence, assault 1, or assault 2 charges or convictions. Ideally, you should write to these agencies about ten months prior to your Expected Early Release date. You must provi"
Morrison Apartments,Housing Assistance,(206) 340-8206,509 3rd Ave.,Seattle,98104,,"Housing for single adults. Low cost apartments in the downtown Seattle areas. 30% of monthly income. Deposit required $50.00. 1 bedroom apartments / studio apartments. Elevator, wheelchair access. Utilities included"
Motel/Food Vouchers,,(425) 452-7853,Bellevue Police Departm 11511 Main St,Bellevue,98009,http://www.cityofbellevue.org/page.asp?,"Has LIMITED motel vouchers available for Bellevue area residents; Check ELIGIBILITY, SERVICES, and TO APPLY."
Mount Baker Village,Housing Assistance,(206) 725-1478,2580 29th Ave. South,Seattle,98114,,Low income persons. Subsidized housing
Martin Court Apartments,Housing Assistance,(206) 764-6059,6188 4th Ave So.,Seattle,98108,,41 units of transitional housing for individuals and families
Multi-Service Center,Housing Assistance,(253) 854-3437,515 W Harrison St,Kent,98032,http://www.multi-servicecenter.com,Operates a short-term emergency shelter for homeless families with children younger than age 18; Case management priority to families of 4 or more.
Madison Inn Work Release,,(206) 720-3013,102 21st Ave. E,Seattle,98112,,"Madison Recovery House is located in the Capitol Hill area of Seattle. Madison is a three-story facility with resident rooms located on the first and second floors. Rooms are double, triple, or quadruple occupancy. There is a full basement with laundry"
My Sisters House,Housing Assistance,(425) 746-1940,Confidential location,Bellevue,,http://www.edvp.org,Eastside Domestic Violence Program. Emergency shelter for battered women and their children at a confidential location; Intake is available 24 hours daily.
Neighborhood House,,(206) 461-8430,905 Spruce St Suite 213,Seattle,98104-,http://www.nhwa.org/,"Family and Social Services, Child Development, Transportation and Employment, and Education."
Network Services,,(206) 721-3438,7722 Rainier Ave S.,Seattle,98118,,Assists families out of homelessness.
New Beginnings For Battered Women And Their Children,Housing Assistance,(206) 522-9472,This is a confidental addr,Seattle,,http://www.newbegin.org,Provides emergency shelter and support services for abused women with or without children at a confidential location.
New Connections,Housing Assistance,(253) 856-9200,412 West Titus St.,Kent,98032,,Assistance with transitional housing for ex-offenders.
New Ground,Housing Assistance,(425) 486-6774,20208 Bothell Way NE,Bothell,98011,http://www.friendsofyouth.org,"Provides transitional housing, individual/group counseling, parenting classes, and life skills instruction, for 5 pregnant and parenting teens, ages 18 - 21. Participants must be on T.A.N.F. and must complete G.E.D."
New Ground - Shelter,Housing Assistance,(206) 236-5437,,Issaquah,98027,http://www.friendsofyouth.org,"A short term youth emergency shelter which can house up to six runaway and homeless youths, ages 11 through 17. Located near Bothell, Joshua House serves north and east King County, and south Snohomish County."
New Horizons Ministries,Housing Assistance,(206) 374-0866,2709 3rd Ave,Seattle,98121,http://www.nhmin.org,"Drop-in center is open weekday mornings and several evenings for street youth, 22 and younger; hot dinner four days each week."
New Pacific Apartments,,(206) 728-1674,110 Vine Street,Seattle,98121,,Inmates and all levels of sex offenders. Studio apartment $345.00 - $400.00 per month. Deposit required $300.00. Credit check $35.00
New Way Motivation and Business Projects,Housing Assistance,(206) 441-3210,17816 50th Court So,Seattle,98188,,Transitional Housing
Noel House,Housing Assistance,(206) 441-3210,2301 2nd Ave,Seattle,98121,http://www.noelhouse.org,"Women-only emergency shelter and services including meals, case management, a weekly on-site nurse, and mental health counseling for 40 homeless women. Noel House collaborates with church and community shelters at Woodland Park Presbyteri"
Noel House,Housing Assistance,(206) 441-3210,2325 Fourth Ave.,Seattle,98121,,"Women-only emergency shelter and services including meals, case management, a weekly on-site nurse, and mental health counseling for 40 homeless women. Noel House collaborates with church and community shelters at Woodland Park Presbyteri"
MT. Baker Housing Association,Housing Assistance,(206) 725-4152,P.O. Box 28119,Seattle,98118,,"Created in 1988 to acquire, rehabilitate and manage the Mt. Baker Village Apts. in S.E.. Seattle, the Association has acquired properties for the same purpose. Our goal is to house low-income residents and provide services directly and with oth"
Larche Noah Sealth,Housing Assistance,(206) 325-9434,P.O. Box 22023,Seattle,98121,http://www.larcheseattle.org/,A non-profit Christian community providing permanent homes and employment for adults with developmental disabilities and the assistants who share life with them. L'arche Noah Sealth of Seattle has been providing homes for adults with developmental di
Jewish Family Service - Seattle,Housing Assistance,(206) 461-3240,1601 16th Ave,Seattle,98122,http://www.jfsseattle.org,Limited rent for families with an eviction notice; Move-in for eligible families; Shelter vouchers for single men.
Jewish Prisoner Services,,(206) 528-0363,P.O. Box 85840 5045 11th Ave.,Seattle,98105-,,Call or write for more information and availability
Kirkland Oxford (Men’s,Housing Assistance,(425) 821-9719,12503 NE 134th Place,Kirkland,98034,http://www.waoxfordhouse.org/,Oxford House provides independently run residential housing for clean and sober men. Single and double rooms rented. House is all male. Children are allowed to visit. Houses are not generally handicapped accessible. Average 30 days sobr
Korean Womens Association,Housing Assistance,(253) 359-0470,1711 S. 312th St #2,Federal Way,98003,http://kwaoutreach.org,"Provides confidential domestic violence shelter for individuals and families, including sons up to age 12 who are in school; 2 screenings required."
La Salle / Cliff House,Housing Assistance,(206) 343-5975,81 Pike Street,Seattle,98109,,Low cost apartment in downtown Seattle area. 30% of monthly income. One month rent in advance. 1 Bedroom Studio apartments. Elevator. Wheelchair access. Utilities are included
New Horizons Ministries,,(206) 236-5437,Issaquah,,98027,www.friendsofyouth.org,"Runaway/Homelss Youth A short term youth emergency shelter which can house up to six runaway and homeless youths, ages 11 through 17. near Bothell, Joshua House serves north and east King County, and south Snohomish County. Information: Located"
Larche Noah Sealth,,(206) 325-9434,P.O. Box 22023,Seattle,98121,http://www.larcheseattle.org/,A non-profit Christian community providing permanent homes and employment for adults with developmental disabilities and the assistants who share life with them. L'arche Noah Sealth of Seattle has been providing homes for adults with developmental di
Jewish Family Service - Seattle,,(206) 461-3240,1601 16th Ave,Seattle,98122,http://www.jfsseattle.org,Limited rent for families with an eviction notice; Move-in for eligible families; Shelter vouchers for single men.
Jewish Prisoner Services,,(206) 528-0363,P.O. Box 85840 5045 11th Ave.,Seattle,98105-,,Call or write for more information and availability
Kirkland Oxford (Men’s,,(425) 821-9719,12503 NE 134th Place,Kirkland,98034,http://www.waoxfordhouse.org/,Oxford House provides independently run residential housing for clean and sober men. Single and double rooms rented. House is all male. Children are allowed to visit. Houses are not generally handicapped accessible. Average 30 days sobr
Korean Womens Association,,(253) 359-0470,1711 S. 312th St #2,Federal Way,98003,http://kwaoutreach.org,"Provides confidential domestic violence shelter for individuals and families, including sons up to age 12 who are in school; 2 screenings required."
La Salle / Cliff House,,(206) 343-5975,81 Pike Street,Seattle,98109,,Low cost apartment in downtown Seattle area. 30% of monthly income. One month rent in advance. 1 Bedroom Studio apartments. Elevator. Wheelchair access. Utilities are included
Lutheran Alliance To Create Housing (LATCH),Housing Assistance,(206) 789-1536,8757 15th Ave. NW,Seattle,98117,http://www.latch.org/,"A coalition of Lutheran congregations, we build safe and nurturing communities that recognize the right to affordable housing, the importance of self-determination, and the value of mutual respect."
Lyon Building,Housing Assistance,(206) 341-9575,607 Third Avenue,Seattle,98104,,"Transitional housing for those living with HIV/AIDS, mental illness, or chemical dependency."
Jensen Block Apartments,Disability / Medical,(206) 292-5577,1320 Mercer Street,Seattle,98109,,Located in the Cascade Neighborhood in the heart of Seattle.
Lakeview Apartments,Housing Assistance,(206) 254-0405,1170 Harrison Street,Seattle,98109,,"Accepts people with a criminal History. No felonies in the last 5 years, case by case. Accepts applications from soon to be released people. 5 units subsidized through homelessness authority. No Evictions in the last 3 years. 30, 50, or 60% actual Monthly Income."
Capitol Hill Community Resource Center,Community Resource Center,(206) 322-4567,509 10th Ave E,Seattle,98102,http://www.chcrc.org,"Tuesdays and Thursdays 1:00pm - 4:00pm. Offers information and referrals for basic needs, financial assistance; offers mail, phone, computer, Internet service."
Central Area Development Association (CADA),Community Development,(206) 328-2240,2301 S Jackson St Ste 1,Seattle,98144,http://www.cada.org,"Develops, renovates, and operates affordable housing, repairs seniors' homes, recruits businesses, and sponsors environmental projects, all in the Central Area of Seattle. Strong volunteer involvement."
Bread of Life Mission,Shelter,(206) 682-3579,97 Main St.,Seattle,98194,http://www.breadoflifemission.org,"Provides shelter for homeless men up to 90 days. First two nights are free, $5.00 per night thereafter. Pre-registration and chapel attendance required."
Bremer Apartment,Housing Assistance,(206) 329-7303,2905 First Ave.,Seattle,98109,,"Low Cost Apartment in Downtown Seattle Area. 1 Bedroom Apartments, Studio Apartments. $180.00 - $360.00 a Month."
Bridle Trails - Oxford (Men’s),Housing Assistance,(425) 827-2781,7517 - 124th Avenue NE,Kirkland,98033,http://www.waoxfordhouse.org/,Oxford House provides independently run residential housing for clean and sober men. Single and double rooms rented. House is all male. Children are allowed to visit. Houses are not generally handicapped accessible. Average 30 days sober.
Broadview Shelter,Shelter,(206) 299-2500,P.O. Box 31151,Seattle,98103,http://www.fremontpublic.org,Offers emergency shelter and support services to women and children only. Emergency Shelter and Transitional Housing for single women (18 and older) and for women with children (including boys up to 18). 24-hr advocacy and counseling.
Broadway House,Housing Assistance,(206) 860-4272,2609 Broadway Ave E.,Seattle,98102,,Low income housing for women. An 8-bedroom house owned by the Low Income Housing Institute and managed by AHA. It provides Section 8 permanent housing for seven formerly homeless women and a resident manager. Residents have private rooms.
Brockman Oxford (Men’s),Housing Assistance,(206) 365-3580,1508 NE Brockman Place,Seattle,98125,http://www.waoxfordhouse.org/,Oxford House provides independently run residential housing for clean and sober men. Single and double rooms rented. House is all male. Children are allowed to visit. Houses are not generally handicapped accessible. Average 30 days sober.
Bruksos House,Housing Assistance,,1727 Bellmont Ave.,Seattle,98102,,45 Furnished units of affordable housing. All units have private kitchens. Laundry facilities on site. Parking spaces rented on a monthly basis. Walking distance from shopping and community college. On bus line.
Bryant House,Housing Assistance,(206) 525-1213,4008 NE 57th Street,Seattle,98105,,Housing for homeless youth age 18 - 24.
Burien Oxford (Men’s),Housing Assistance,(206) 660-3441,247 SW 143rd Street,Burien,98166,http://www.waoxfordhouse.org/,Oxford House provides independently run residential housing for clean and sober men. Single and double rooms rented. House is all male. Children are allowed to visit. Houses are not generally handicapped accessible. Average 30 days sober.
Burien Taylor House,Housing Assistance,(253) 691-7463,13205 6th SW,Burien,98146,,"Please note Taylor Houses does not accept any murder, arson, sex offense, assault 1, or assault 2 charges or convictions. Ideally, you should write to these agencies about ten months prior to your Expected Early Release date."
Burlingame Apartment,Housing Assistance,(206) 622-5232,404 East Howell,Seattle,98122,,HUD or subsidized Housing for elders or disabled in Seattle.
Bothell Oxford (Men’s),Housing Assistance,(425) 825-0711,14201 104th Avenue NE,Bothell,98011,http://www.waoxfordhouse.org/,Oxford House provides independently run residential housing for clean and sober men. Single and double rooms rented. House is all male. Children are allowed to visit. Houses are not generally handicapped accessible. Average 30 days sober.
Camrt Oxford (W/C),Housing Assistance,(425) 687-6568,442 Burnett Avenue Nort,Renton,98055,http://www.waoxfordhouse.org/,Oxford House provides independently run residential housing for clean and sober women. Single and double rooms rented. House is all female. Housing now available for women with children. Children are allowed to visit. Houses are not generally handicapped accessible.
Black Diamond Community Center,Community Assistance,(360) 886-1011,"31605 3rd Ave, Hwy 169",Black Diamond,98010-,,"Offers clothing, emergency food, motel vouchers, rent, move-in and utility help. ZIP codes 98010, 98022, 98025, 98038, 98051, 98042; Covington and Lake Meridian."
Capitol Hill Housing Improvement Program (CHHIP),Housing Assistance,(206) 329-7303,1406 - 10th Ave. Suite 1,Seattle,98122,,"CHHIP develops, rehabilitates and manages affordable rental housing and a form of cooperative housing called Mutual Housing in Capitol Hill and other Seattle neighborhoods. Special emphasis is on serving low-income households with children."
Cascade Oxford (Men’s),Housing Assistance,(425) 271-3142,13018 SE 171st Place,Renton,98058,http://www.waoxfordhouse.org/,Oxford House provides independently run residential housing for clean and sober women. Single and double rooms rented. House is all female. Housing now available for women with children. Children are allowed to visit. Houses are not generally handicapped accessible.
Case Management And Housing Assistance,Housing Assistance,(206) 694-6734,Solid Ground,Seattle,98103,http://www.fremontpublic.org,Provides extensive case management to help homeless families receive essential services needed to transition to and sustain permanent housing.
Cate Apartments,Housing Assistance,(206) 443-9935,312 NW 85th Street,Seattle,98117,,"Studio, 1, 2, and 3 bedroom units located in busy greenwood area."
Catholic Community Services - Family Center - East King,Community Assistance,(425) 284-2241,12828 Northrup Way Suit,Bellevue,98005,http://www.ccsww.org,"Offers emergency food, advocacy, motel and food vouchers, for newly homeless and low-income persons on the Eastside. Clients may self-refer."
Catholic Community Services - University District Youth Center,Community Assistance,(206) 526-2992,4516 15th Ave NE,Seattle,98105,http://www.ccsww.org,"Facilitates a homeless drop-in center, providing case management, snack food, clothing, showers, laundry and bus tickets."
Catholic Community Services (East King County Family Center),Community Assistance,(425) 284-2211,12828 Northrup,Bellevue,98005,http://www.ccsww.org/familyservices/ki,"East King County Family Center (Bellevue) We encourage self-sufficiency every day by providing people with the tools they need to help themselves, whether they need counseling, housing, chore services, or parenting skills. Current services incl"
Catholic Community Services (South King County Family Center),Community Assistance,(253) 854-0077,1229 West Smit,Kent,98035,http://www.ccsww.org/familyservices/ki,"South King County Family Center (Kent) Current services include: Children and family, housing, emergency services, counseling and mental health, elderly and disabled."
Catholic Community Services (The Randolph Carter Family and Learning Center),Community Assistance,(206) 323-6336,Seattle,,,http://www.ccsww.org/familyservices/ki,"The Randolph Carter Family and Learning Center (Seattle) is committed to serve those most vulnerable and in need, and to change systems that cause discrimination, suffering and oppression due to age, race, ethnicity, gender, sexual orientation or rel"
Cedar House,Housing Assistance,(206) 525-1213,13051 NW 85th Street,Seattle,98125,,Transitional housing for individuals.
Cedar River Oxford (Men’s),Housing Assistance,(425) 793-7719,3519 Morris Avenue Sout,Renton,98015,http://www.waoxfordhouse.org/,Oxford House provides independently run residential housing for clean and sober men. Single and double rooms rented. House is all male. Children are allowed to visit. Houses are not generally handicapped accessible. Average 30 days sober.
El Capitan Apartments,Housing Assistance,(206) 935-5828,500 East Union,Seattle,98108,,"Low-Cost apartment in downtown Seattle area. $190.00 - $400.00 per month. 1 Bedroom Apartments, Studio Apartment. Utilities are included."
Cabrini First Hall Apartments,Housing Assistance,(206) 443-9935,1001 Madison Street,Seattle,98110,,Housing for seniors. Owner Missionary Sisters of the Sacred Heart. 50 independent living units for seniors 62 and over.
King Ballard Commons,,(206) 443-9935,1753 NW 56th Street,Seattle,98107,,"Family, Women, Men, Low Income"
Norman Mitchell Manor,Housing Assistance,(206) 443-9935,165 14th Ave S,Seattle,98122,,Section 8 housing for seniors one bedroom units for elderly and disabled.
Arbor House Transitional Housing,Housing Assistance,(425) 489-1838,19019 100th Av,Bothell,98011,http://www.friendsofyouth.org,Provides transitional housing for pregnant or single mothers age 18 - 21.
Archdiocesan Housing Authority / Josephiunum Apartments,Housing Assistance,(206) 448-8500,1902 2nd Ave,Seattle,98101,http://www.ccsww.org/aha/housing.php,"AHA Provides emergency shelter, day centers, refugee services, transitional and permanent housing for homeless individuals, families and elderly persons. Affordable housing for low income and homeless individuals. Low cost apartments."
Aridell Mitchell Home,Housing Assistance,(206) 323-7409,1502 E Yesler Way Apartment 2,Seattle,98122,http://www.aridellmitchellhome.org,"Operates transitional housing in self-contained apartments for teen parents, ages 13 through 18, and their children; Two-year maximum stay."
Arion Court Apartments,Housing Assistance,(206) 343-1375,1814 Minor,Seattle,98101,,Permanent SRO housing for homeless individuals. Accepts people with a criminal History. No Felonies (committed) in the last 3 years. Accepts applications from soon to be released people. Must be 18 years old. All units are subsidized Section 8.
Arise / South King County Family Center,Housing Assistance,(253) 854-0077,1229 W. Smith St.,Kent,98035,,"ARISE offers shelter to homeless men in Renton during the fall and winter months, along with emergency financial aid, education, and interpersonal and employment counseling. Toll Free (800) 722-3479 TDD: (253) 850-2503. A multi-service bra"
Ascona Apartments,Housing Assistance,(206) 682-8480,200 5th Ave S.,Seattle,98104,,Affordable housing. Low Income
Atlantic Oxford (Men’s),Housing Assistance,(206) 365-4465,735 NE 198th Street,Shoreline,98155,http://www.waoxfordhouse.org/,Oxford House provides independently run residential housing for clean and sober men. Single and double rooms rented. House is all male. Children are allowed to visit. Houses are not generally handicapped accessible. Average 30 days sobri
Atwood Apartments,Housing Assistance,(206) 728-1248,104 Pine Street,Seattle,98104,,Low cost apartment in downtown Seattle area. Age 65 +. Fees 30% of income. One months rent in advance. Elevator. Utilities are included. Low Income
Auburn Manor Apartments,Housing Assistance,(253) 735-0853,950 14th Street NE,Auburn,98002,,"Section 8 family housing 25 two and three bedroom units for families. Family, Low Income"
Auburn Taylor House,Housing Assistance,(253) 691-7463,1301 37th Street SE,Auburn,98002,,"Please note Taylor Houses does not accept any murder, arson, sex offence, assault 1, or assault 2 charges or convictions. Ideally, you should write to these agencies about ten months prior to your Expected Early Release date. You must provi"
Auburn Youth Resources - Severson House,Housing Assistance,(253) 804-8866,Auburn,,,,"Operates transitional housing for homeless teen males, ages 15 through 17."
Boylston Hotel,Housing Assistance,(206) 325-0836,1517 Boylston Ave.,Seattle,98101,,"Affordable housing. Women, Men, Low Income"
Avondale Transitional Housing For Families,Housing Assistance,(425) 883-0150,18435 NE 95th Way,Redmond,98052,http://www.ccsww.org,"Provides transitional housing and case management for homeless families; stays up to 1 year; priority given to Bellevue, Kirkland and Redmond residents."
Central Area Motivation Program (C.A.M.P.),Housing Assistance,(206) 812-4952,722 18th Ave,Seattle,98122,http://www.campseattle.org/index.htm,Low income residents of the central and Rainier Valley. Emergency cold-weather motel vouchers during winter months (November to March) for families with children under 18. Family Shelters and emergency housing. Ex-Offender Re-entry program. Services i
Ballard Oxford (Men’s),Housing Assistance,(206) 706-9456,2843 NW 69th Street,Seattle,98107,http://www.waoxfordhouse.org/,Oxford House provides independently run residential housing for clean and sober men. Single and double rooms rented. House is all male. Children are allowed to visit. Houses are not generally handicapped accessible. Average 30 days sobri
Ballinger - Oxford House - (Men’s),Housing Assistance,(425) 640-2681,22807 - 76th Avenue We,Edmonds,98026,http://www.waoxfordhouse.org/,Oxford House provides independently run residential housing for clean and sober men. Single and double rooms rented. House is all male. Children are allowed to visit. Houses are not generally handicapped accessible. Average 30 days sobrie
Because U Deserve It (B.U.D.I.),Housing Assistance,(206) 988-4990,Burien,,98148,,Low Income
Bell Tower Apartments,Housing Assistance,(206) 443-4484,2215 First Ave.,Seattle,98109,,"Ages 65+, Rent 30% of income, One month rent in advance, Elevator and utilities included. Low Income"
Bellevue Police Department,,(425) 452-7853,11511 Main St,Bellevue,98009,http://www.cityofbellevue.org/page.asp?,"Has LIMITED motel vouchers available for Bellevue area residents; Check ELIGIBILITY, SERVICES TO APPLY."
Belltown View,,(206) 443-9935,2407 1st Ave.,Seattle,98121,,Call or write for availability and information
Benson East Duplexes,Housing Assistance,(253) 852-0834,10945 SW 223rd Street,Kent,98031,,"Section 8 family housing. Family, Low Income"
Benson Taylor House,Housing Assistance,(253) 691-7463,24518 104th Ave. SE,Kent,98031,,"Please note Taylor Houses does not accept any murder, arson, sex offence, assault 1, or assault 2 charges or convictions. Ideally, you should write to these agencies about ten months prior to your Expected Early Release date. You must provi"
Berkley House,Housing Assistance,,1213 Union St.,Seattle,,,31 Furnished units of affordable housing. Community living environment. Laundry facility on site. Utilities and basic cable included. Walking distance from shopping. On bus line. Low Income
Bethlehem House,Housing Assistance,(206) 694-6700,P.O. Box 31151,Seattle,98103,www.tomrfreemontpublic.org,"Homeless Family Housing for up to three months. Hours 24hrs / 7 days a week. Administers transitional housing for families of seven or more people for up to six months; Assistance with basic needs and referrals to permanent housing. Family, Homele"
Bishop Lewis Work Release,,(206) 464-7000,703 8th Ave.,Seattle,98104,,"Bishop Lewis Work Release is a sixty-nine bed male facility that houses state offenders, county offenders, community corrections violators, and other offenders sanctioned by Department of Corrections hearing officers. The primary goal is deve"
Bitter Lake Family Housing,Housing Assistance,(206) 223-1300,600 N. 130th Street,Seattle,98133,,"Housing for homeless, pregnant women, single mothers through Prenatal Treatment Services. Women, Low Income"
Auburn Youth Resources - South King County Youth Shelter,Housing Assistance,(253) 833-5666,Auburn,,,,"Provides shelter for homeless youth, ages 10 through 17, in South King County; Written parental consent required for 8-plus hour stay."
Franklin Hotel,Housing Assistance,(206) 767-4058,2215 First Ave.,Seattle,98121,,A total of $1250.00 is needed to move in. $595.00 a Month. First and last months rent required. Damage deposit and application fee required. Low Income
Center Park Housing,Housing Assistance,(206) 320-0756,2121 26th Ave. South,Seattle,98144,,Housing Authority Complex for Seniors and Disabled Persons. Wheelchair Accessible. Fees: 30% of income
Evanston House,Housing Assistance,(206) 525-1213,10539 Evanston Ave. N,Seattle,98133,,Rent is based on 30% of resident monthly income (minimum $40.00) and requires a $100.00 security deposit to move in.
Family and Adult Service Center,,(206) 441-8405,P.O. Box 12937 2013 3rd Ave Fa,Seattle,98111,http://www.fasconline.org,"Day center for the homeless, men, women, and families provided free shelter, meals, clothing, hygiene, and laundry. Open to all without discrimination. Overnight Shelter for 75."
Family Services,Housing Assistance,(206) 826-3052,1307 E Spring,Seattle,98122,http://www.family-services.org,Provides child care for homeless children at shelters and transitional housing sites in Seattle.
Family Services,Housing Assistance,(206) 826-5050,,Seattle,,http://www.family-services.org/,"Building healthy families and strengthening the community by helping people overcome barriers to success, offering support in homelessness, domestic violence, and mental health."
Family Support Services,Housing Assistance,(253) 850-2516,,Kent,,,"Emergency financial aid for low-income clients needing shelter, food, rental assistance, utilities, and transportation assistance."
Federal Way Community Caregiving Network/FUSION,Housing Assistance,(253) 927-1904,P.O. Box 4717 Church of the G,Federal Way,98003,,Provides transitional housing and support services to homeless women and their children.
Fifth Step House,,,1429 NW 51st Street,Seattle,98107,,Call or write for more information and availability.
First Avenue Service Center Family Center,Housing Assistance,(206) 441-8405,2013 Third Avenue,Seattle,98104,,"Emergency day shelter for families with children under 18, resource for diapers, children's clothing, etc."
First Place,Housing Assistance,(206) 323-6715,P.O. Box 22536,Seattle,98122-,http://www.firstplaceschool.org,Offers housing and extensive case management services to families with children; 12-month program with Section 8 voucher available.
Foster Greens - Taylor House,,(253) 691-7463,13615 52nd Ave. S.,Tukwila,98188,,"Does not accept certain criminal convictions, contact agencies 10 months prior to Expected Early Release date."
Franchette Williams Pioneer Residential Property,,,740 West Margi,Tukwila,98108,,"Contact agencies 10 months prior to Expected Early Release date, provide complete disclosure of criminal history."
Emergency Shelter Vouchers,Housing Assistance,,1055 S Grady W,Renton,98055,http://www.ci.renton.wa.us,Has LIMITED vouchers available for Renton area residents; check ELIGIBILITY and SERVICE DESCRIPTION.
Franklin Apartments,,(206) 448-7974,2316 4th Ave.,Seattle,98109,,Call or write for more information and availability.
Emergency Shelter And Gas Vouchers,Housing Assistance,(425) 486-1254,18410 101st Ave,Bothell,98011,http://www.ci.bothell.wa.us/dept/pd/pdin,Offers LIMITED motel and gas vouchers for Bothell area residents.
Franklin Hotel,,(206) 448-7974,2316 4th Ave S.,Seattle,98121,,Call or write for more information and availability. Requires specific amount for move-in and monthly rent.
Fremont Public Association,,(206) 694-6700,P.O. Box 31151 1501 N. 45th St,Seattle,98103,http://www.fremontpublic.org/index.html,"Services include food, shelter, transportation, and special services for seniors and disabled persons."
Fresh Start Housing,Housing Assistance,(253) 627-0212,813 S. 11th St,Tacoma,98405,www.fresh-start-housing.org,"Provides housing for men only with clean and sober locations, random UA's required."
Friends Of Youth - Redmond,,(206) 236-5437,16225 NE 87th St #A6,Redmond,98052,http://www.friendsofyouth.org,Provides shelters for homeless and runaway youth for up to 30 days.
Friends Of Youth - The Landing,,(425) 869-6490,14230 Bel Red Rd,Bellevue,98007,http://www.friendsofyouth.org,Operates a shelter for Eastside young adults with case management services.
Frye Apartments,Housing Assistance,(206) 405-4506,223 Yesler Way,Seattle,98104,http://www.cityofseattle.net/humanservic,Transitional housing in downtown Seattle area with various amenities and shelter beds for women.
Furlan Oxford (Men's),,(206) 306-2488,"18907 11th Avenue, NE",Shoreline,98155,http://www.waoxfordhouse.org/,"Provides residential housing for clean and sober men, now available for women with children."
Fusion,Housing Assistance,(425) 226-1266,PO Box 23934,Federal Way,98093,http://www.fusionfederalway.org,Provides transitional housing for homeless women and their children with support services.
Gethsemane Community Services,,(206) 682-3620,911 Stewart St,Seattle,98101,http://www.urbanfaith.org,"Issues vouchers for shelter stays and provides food sacks, mail service, and local phone use."
Glen Hotel Apartments,Housing Assistance,(206) 467-0646,1413 3rd Ave,Seattle,98104,,Permanent SRO housing for homeless individuals.
Green Acres Taylor House,Housing Assistance,(253) 691-7463,2621 S. 298th Street,Federal Way,98003,,"Does not accept certain criminal convictions, contact agencies 10 months prior to Expected Early Release date."
Greenlake Oxford (Men’s),,(206) 523-3374,8231 Wallingford Ave. N,Seattle,98103,http://www.waoxfordhouse.org/,"Provides residential housing for clean and sober men, children allowed to visit."
Franciscan Apartments,,(206) 431-8001,15237 21st Ave SW,Burien,98166,,Call or write for more information and availability.
Dorothy Day House,Housing Assistance,(206) 374-4364,106 Bell St.,Seattle,98121,,"Transitional housing for women only, service-enriched permanent housing for formerly homeless women."
Central Area Motivation Program (C.A.M.P.),,(206) 812-4940,722 18th Ave,Seattle,98104,,Ex-offender assistance programs.
Chamberlain House,,(206) 329-5175,1515 Belmont Ave.,Seattle,98122-,,40 furnished units of affordable housing in a community living environment.
Crown Hill Oxford (Men’s),,(360) 735-9248,8053 - 11th Avenue NW,Seattle,98117,http://www.waoxfordhouse.org/,"Provides residential housing for clean and sober men, children allowed to visit."
Curben Hotel,Housing Assistance,(206) 255-3705,1726 Summit Ave. Suite,Seattle,98122,,"Housing and shelter services available, call or write for more information."
DAHRT / Disabled Americans Have Rights Too,Disability Assistance,(206) 241-1697,"616 SW 152nd Street, Suite C",Burien,98166,www.dahrt.org,"Volunteer organization for disabled individuals providing referrals, advocacy, and free information on available services."
Dalton House,,,3803 S. Edmunds,Seattle,,,"27 furnished units of affordable housing with private kitchens, laundry facilities, and utilities included."
Dashpoint Taylor House,Housing Assistance,(253) 691-7463,29849 9th Ave. SW,Federal Way,98023,,"Does not accept certain criminal convictions, contact agencies 10 months prior to Expected Early Release date."
Delridge Neighborhoods Development Association,Housing Assistance,(206) 923-0917,5411 Delridge Way SW,Seattle,98106,,"Preserves and develops housing in a cost effective manner for low/moderate income families, seniors and individuals. DASH specializes in providing workforce housing and has strong ties to the business community."
Denice Hunt Townhomes,Housing Assistance,(206) 443-9935,620 N. 85th Street,Seattle,98103,,Located on the corner of Fremont Ave. and North 85th Street in the Greenwood area.
Denny Park Apartments,Housing Assistance,(206) 443-9935,230 8th Ave. North,Seattle,98109,,Handicap-accessible units available.
Des Moines Taylor House,Housing Assistance,(253) 691-7463,26605 18th Place S.,Des Moines,98198,,"Please note Taylor Houses does not accept any murder, arson, sex offence, assault 1, or assault 2 charges or convictions. Ideally, you should write to these agencies about ten months prior to your Expected Early Release date."
Division of Developmental Disabilities,Disability / Medical Assistance,(206) 545-6675,9620 Stone Ave. North,Seattle,98103,,"Adults with Developmental Disabilities. Contact hours (Main Office) Monday through Friday 8:00am - 5:00pm. Low-moderate, above moderate income persons."
Emma McRedmond Manor,Disability / Medical Assistance,(425) 869-2424,7960 169th Ave NE,Redmond,98052,,Housing for elderly and people with disabilities.
Domestic Violence Advocate,Domestic Violence Assistance,(206) 248-6136,King County Sheriffs Off 14905 6th Ave S,Burien,98166,http://www.metrokc.gov/sheriff,Provides crisis intervention and assistance in locating shelter for domestic violence victims who are residents of SeaTac.
Greenwood House,Housing Assistance,(206) 443-9935,8808 6th Ave. NW,Seattle,98117,,Permanent housing for homeless women. 9 individual units in one house.
Dove House - Youth And Outreach Services,Housing Assistance,(206) 723-5513,,Seattle,,http://www.yaosdove.org,"Offers transitional housing and case management for homeless girls, ages 16 - 18; Afri-ethnic focus; does not accept pregnant teens."
Downtown Emergency Service Center,Housing Assistance,(206) 464-1570,515 Third Avenue,Seattle,98104,www.desc.org,"Provides shelter for single men and women (18 and older). Doors close at 5:00pm, but referrals accepted at later times. A daily meal is provided at night for people staying overnight. Shower facilities are available."
Downtown Emergency Service Center,Housing Assistance,(206) 264-7567,517 3rd Ave,Seattle,98104,,"Priority clients: women, single men over 60, individuals with major mental illnesses, disabilities, chronic addictive illnesses, or serious health problems."
East King County Family Center - Catholic Community Services,Family Support,(425) 284-2211,12828 Northrup Way,Bellevue,98005,,"A multi-service branch of Catholic Community Services that offers assistance in the forms of family support, housing, emergency services, counseling, and services for people with disabilities."
Eastside Interfaith Social Concerns,Shelters,(206) 525-1213,P.O. Box 662,Bellevue,98009,http://www.churchcouncilseattle.org/sub,"Sixty interfaith congregations and 3,000 volunteers provide a shelter, meals, and job and life skill assistance. Twelve congregations donate heated sleeping space and kitchen."
Eastside Interfaith Social Concerns Council,Shelters,(425) 749-8369,PO Box 662,Bellevue,98009,,"Offers shelter for up to 60 days for homeless Eastside men, 18 years and older; provides food and bus tickets; screening is done by Eastside agencies."
EDVP: My Friend’s Place,Assistance Program,(425) 562-8840,,Bellevue,,,"Accepts People with a criminal history. There are not any restrictions on certain crimes. Accepts applications from soon to be released people. Eligibility requirements: Domestic violence in background, chemically dependent, homeless."
El Centro de le Raza,Housing Assistance,(206) 329-9442,2524 16th Avenue South,Seattle,98144,http://www.elcentrodelaraza.com/index.h,"Case Management, Transitional Housing, Mutual Housing, Senior Services, Food Bank and Hot Meal Programs, English as a Second Language, Lifetime Fitness Program, Basic Health Sponsorship Program, Free Legal Advice. Assists Latino and low-income homeless families."
Elbert House,Disability / Medical Assistance,(425) 747-5111,16000 NE 8th St.,Bellevue,98008,,Housing for elderly and people with disabilities.
Elliott House LLC,Housing Assistance,(253) 210-2120,P.O. box 391,Black Diamond,98010,,Elliott house is a limited liability corporation who manages rental property in the Puget Sound area. Specializing in the operation of clean and sober households.
Domestic Abuse Women's Network,Domestic Violence Shelter,(206) 622-1881,Confidential,Seattle,,http://www.dawnonline.org,Provides a confidential shelter for women with or without children who are fleeing from domestic violence; intake is available 24 hours daily.
Agape Outreach,,,1511 NW 64th,Seattle,98107,,
Champion House,Housing Assistance,(425) 644-4477,1800 145th Place SE,Bellevue,98007,,Call or write for information and availability
Williamsburg Court Apartments,Housing Assistance,(206) 623-1735,1007 Stewart Street,Seattle,98101,,Low cost apartments in downtown Seattle area
Wintonia Apartments,Housing Assistance,(206) 467-1878,1431 Minor Ave,Seattle,98101,,Low income persons and families. Subsidized housing for the homeless. Half of the units are reserved for alcoholics in recovery.
Women’s Referral Center,Women's Assistance,(206) 770-0156,2030 3rd Ave.,Seattle,98121,,Open from 6:00pm - 9:00pm
"Women's Housing, Equality and Enhancement League",Women's Assistance,(206) 956-0334,P.O. Box 2548,Seattle,98111,,WHEEL is a non-hierarchical and grassroots organizing effort of homeless and formerly homeless women.
Womens Referral Center,Women's Assistance,(206) 770-0156,Angeline's Center at Opp 2030 3rd Ave,Seattle,98121,http://www.noelhouse.org,"Provides nightly shelter referrals for single women, ages 18 and older; Hot meal served 6:00pm - 7:00pm. Limited showers, hygiene supplies; Mail and phone messages."
Young Adult Shelter,Youth Assistance,(206) 632-1635,1415 NE 43rd Street,Seattle,98105,,"University Methodist Temple 15th NE and NE 43rd (alley entrance). Shelter for age 18-25. Open at 9:00pm (first come, first served). Referrals, etc. available, but no strings attached. ID may be required especially if you look near the high end of the age."
"Youth Advocates, Inc.",Youth Assistance,"7509 Aurora Avenue N, Seattle 98103",,,,,"Provides a five-day program to stabilize behavior, resolve conflicts when possible, and determine long-term residential and mental health requirements."
Abused Deaf Womens Advocacy Services,Domestic Violence Shelter,(206) 236-3134,"4738 11th Ave NE, Seattle",98105,,http://www.adwas.org,"Provides a private safe home for abused single women and women with children who are Deaf, Deaf-Blind, and hard-of-hearing."
White River Garden,Housing Assistance,(253) 735-8800,12 'B' Street,Auburn,98002,,24 Units for individuals and couples
Adams Apartments,Housing Assistance,(206) 443-1464,308 Bell Street,Seattle,98104,,Low Cost Apartment in Downtown Seattle. $320.00 - $450.00 a Month. One month rent in Advance. Utilities are Included.
Welcome Home Society,Housing Assistance,(206) 365-1400,13549 Aurora Ave N,Seattle,98133,http://www.welcomehomesociety.net,"Offers long-term housing and support for adults, ages 19 and older, serious about changing their lives; An abstinence-based structured learning program."
AIDS Housing of Washington,Housing Assistance,(206) 322-9444,2014 E. Madison St. Ste,Seattle,98122,http://www.cfd.wa.gov/CharityGuide,We work to give people with AIDS the foundation for stabilizing their lives: a home. We develop HIV/AIDS housing locally and share knowledge nationwide.
Aki Kurose Village,Low Income Housing,(206) 443-9935,11506 Stone Ave. North,Seattle,98133,,Low Income Housing
Alaska House,Housing Assistance,(206) 935-0520,4545 42nd SW,Seattle,98116,,HUD or subsidized Housing for elders or disabled
Algona Taylor House,Housing Assistance,,302 4th Ave. S,Algona,98001,,"Please note Taylor Houses does not accept any murder, arson, sex offence, assault 1, or assault 2 charges or convictions. Ideally, you should write to these agencies about ten months prior to your Expected Early Release date."
Alma Gamble Apartments,Housing Assistance,(206) 443-9935,525 25th Ave. South,Seattle,98144,,Located in the Central Area of Seattle. The twelve section 8 subsidized one bedroom units are available to elderly (over age 62) or disabled 1 - 2 person households
Aloha Inn,Housing Assistance,(206) 283-6070,1911 Aurora Ave. N,Seattle,98109,http://www.alohainn.org,"A transitional housing program for homeless men and women who may stay up to nine months. Management and day-to-day operations are provided by the residents, who are also required to save a minimum of $80.00 per week for permanent housing."
Always Hope / Taylor House,Housing Assistance,(253) 691-7463,10830 SE Kent Kangley,Kent,98030,,"Please note Taylor Houses does not accept any murder, arson, sex offence, assault 1, or assault 2 charges or convictions. Ideally, you should write to these agencies about ten months prior to your Expected Early Release date."
Angeline’s Day Refuge,Shelters,(206) 441-3300,2025 3rd Ave,Seattle,98121,,
Tukwila House,Family,(206) 525-1213,14112 37th Ave. S,Seattle,98168,,2 bedroom in one house
Acres of Diamonds,Housing Assistance,(425) 788-9999,26326 NE Kennedy Dr.,Duvall,98019,http://www.acresofdiamonds.org,"The only transitional house that serves homeless families with single, female heads of households below 30% of the area median income in the Snoqualmie Valley."
Views At Madison - Low-Cost Housing,Housing Assistance,(206) 323-3710,1823 E Madison St,Seattle,98122,http://www.hsdc.org,Offers affordable and transitional housing in 1-3 bedroom apartments; accepts Section 8 vouchers; call or walk in for a screening or information.
Tyree Scott Apartments,Family,(206) 443-9935,4000 MLK Jr. Way S.,Seattle,98108,,21 units
U.S. Department of Housing and Urban Development,Veterans,(206) 220-5101,909 1st Avenue Suite 20,Seattle,98104,,Provides assistance in finding affordable housing.
Union Gospel Mission,Housing Assistance,(206) 622-5177,318 2nd Ave Ext. South,Seattle,98104,,"Shelter for men, no fee. 110 mats available. Ideally, you should write to these agencies about ten months prior to your Expected Early Release date. You must provide them with a complete disclosure of your criminal conviction history."
Union Hotel,Housing Assistance,(206) 587-2460,204 3rd Ave S.,Seattle,98114,,Housing counseling services.
United Friends Group Homes,Disability / Medical,(206) 782-2705,P.O. Box 17017,Seattle,98127,,"Provides long-term residential services to persons having medically diagnosed disabilities attributable to mental retardation, cerebral palsy, autism, or epilepsy."
United Indians of All Tribes Foundation,Low Income,(206) 285-4425,Discovery Park P.O. Box 99100,Seattle,98199,,"We are a multi-service agency that provides educational, social, economic, housing, and cultural services for local Native Americans."
United Indians Youth Home,Low Income,(206) 781-8303,9010 13th Ave NW,Seattle,98117,http://www.unitedindians.com,"Transitional housing and support services for youth 16 through 21, for up to 18 months; serves all youth; Native American and Native Alaskan focus."
United States Mission,Housing Assistance,(206) 781-9113,Seattle,,,,Transitional Housing Provides long-term transitional housing for homeless adults; Includes self-help work program; Requires door-to-door solicitation; Alcohol and drug free.
Urban League of Metropolitan Seattle,Housing Assistance,(206) 461-3792,105 14th Ave,Seattle,98122,http://www.urbanleague.org,Housing counseling services.
William Tell Hotel,Low Income,(206) 443-9196,2327 2nd Ave,Seattle,98104,,Low cost apartment in downtown Seattle Area. $189.00 - $245.00 per month
Victory Outreach Church,Housing Assistance,(206) 244-8184,2035 NW 58th St,Seattle,98107,http://www.victoryoutreach.org,Provides Christian-oriented home for men leaving street life; requires 9-12 month commitment.
Chancery Place Apartments,Housing Assistance,(206) 343-9415,910 Marion Street Suite,Seattle,98104,,Elderly Ages 62 and over and the disabled. Subsidized Housing. No felonies in the last seven years.
Vincent House,Low Income,(206) 682-9307,1423 1st Ave.,Seattle,98109,,Low cost apartments in the downtown Seattle area. Fees: 30% of monthly income
Vine Maple Place,Housing Assistance,(425) 432-2119,PO Box 1092,Maple Valley,98038,http://vinemapleplace.org,"Operates transitional housing for homeless mothers with up to 3 children, age 13 and younger; case management services; serves South King County area."
Vision House / Operation Nightwatch,Housing Assistance,(425) 228-6356,P.O. Box 2951,Renton,98056,http://www.visionhouse.org,Since 1990 Vision House has provided transitional housing with integrated support services to homeless single mothers and their children and separately to homeless single men recovering from drug and alcohol issues. Transitional housing for sing
Waldorf Towers Apartments,Housing Assistance,(206) 622-6666,706 Pike Street,Seattle,98104,,Low cost apartment in downtown Seattle area. Fees: 30% of monthly income. One month rent in advance. 1 bedroom apartment / Studio. Elevator. Utilities are included
Washington Chapter 6 Hotline,Housing Assistance,(206) 528-,754 North 100th Street,Seattle,98133,http://www.waoxfordhouse.org/,"For other houses in King County, also see Chapters 11, 13, and 15. Oxford House provides independently run residential housing for clean and sober men and women. Single and double rooms rented. Houses are either all male or all female. Housin"
Washington Chapter 11 Oxford,Housing Assistance,(425) 458-4524,14201 104th Avenue NE,Bothell,98011,http://www.waoxfordhouse.org/,Oxford House provides independently run residential housing for clean and sober men and women. Single and double rooms rented. Houses are either all male or all female. Housing now available for women with children. Children are allowed to visi
Washington Chapter 13 Oxford,Housing Assistance,(206) 528-3899,King County,Seattle,,http://www.waoxfordhouse.org/,Oxford House provides independently run residential housing for clean and sober men and women. Single and double rooms rented. Houses are either all male or all female. Housing now available for women with children. Children are allowed to visi
Washington Low Income Housing Network,Low Income,(206) 442-9455,1000 8th Ave. Ste. 105,Seattle,98104,www.wlihn.org,Call or write for more information and availability
Way Back Inn Foundation,Family,(425) 432-6766,P.O. Box 621,Renton,98057,http://www.way-back-inn.org/,Way Back Inn's mission is to return dignity to people by providing 90-day transitional housing for homeless families with children 14 years of age or younger.
Victory Outreach Church,Housing Assistance,(206) 244-8184,29126 43rd Ave S,Auburn,98002,http://www.victoryoutreach.org,Provides a Christian-oriented home for women leaving street life; requires 9-12 month commitment.
Youthcare - Straley House,Housing Assistance,(206) 526-9637,Seattle,,,http://www.youthcare.org,"Provides transitional housing for street-involved young adults, ages 18 to 21."
Angletree Apartment,Housing Assistance,(206) 325-9908,1712 Summit Ave,Seattle,98122-,,71 units of affordable permanent housing. Laundry facility on site. Double occupancy. Utilities and basic cable included. Walking distance from downtown. On bus line.
Kenmore Shelter,Low Income,(206) 292-8037,,Bothell,,,Call or write for more information and availability
Kent-Kangley,Shelters,(253) 691-7463,13719 SE 272nd Street,Kent,98042,,There is a $100.00 non-refundable application fee. There is also a $15.00 U.A. deposit that must be on file at all times. Everybody does a minimum of two A.A./N.A. meetings weekly and must the attend house meeting held every week. There is a 10 o'clock
Kent-Kangley2 Taylor House,Shelters,(253) 691-7463,31719 1/2 SE 272nd Stre,Kent,98042,,"Please note Taylor Houses does not accept any murder, arson, sex offence, assault 1, or assualt 2 charges or convictions. Ideally, you should write to these agencies about ten months prior to your Expected Early Release date. You must provi"
Kerner Scott House,,(206) 621-7027,510 Minor Ave. N.,Seattle,98109,,Call or write for more information and availability
King County Crisis Clinic,,(206) 461-3222,2 Not Available,Seattle,,http://www.crisisclinic.org/main.html,"Our objective is to provide immediate and confidential assistance, including information and linkage to community resources, for people in emotional distress and in need of help."
King County Veterans Program,Vetera,(206) 296-7656,F 123 3rd Ave. South,Seattle,98104,,"Veterans and their dependants Monday through Friday 8:30am - 4:30pm Long / Short Term Transitional Housing. Services to incarcerated Veterans Provides housing, utility assistance, transportation and domestic violence / sexual assault advocacy."
Kingsgate Oxford (Men’s),,(425) 242-0126,13019 NE 128th Place,Kirkland,98034,http://www.waoxfordhouse.org/,Oxford House provides independently run residential housing for clean and sober men. Single and double rooms rented. House is all male. Children are allowed to visit. Houses are not generally handicapped accessible. Average 30 days sobr
Kirkland Interfaith,,(425) 576 9531,125 State St,Kirkland,98033,http://www.kithgive.org,"Provides case-managed transitional and permanent housing for homeless individuals, families, or those at risk of being evicted, for up to 24 months."
Julie Apartments,Housing Assistance,(206) 447-5175,1922-1928 9th Ave,Seattle,98101,,"Accepts people with a criminal History No Felonies in the last 5 years, case by case Accepts applications from soon to be released people Some subsidized units No evictions in the last 3 years What is the rent (first/Last/deposit)? 30, 40, or 50% AM"
Youthcare - Pathways Sand Point Transitional Housing For Youth,Housing Assistance,(206) 985-0444,6610 62nd Ave NE,Seattle,98115,http://www.youthcare.org,"Provides youth, ages 14-17, with housing, case management, and other support services."
Jubilee Women's Center,Housing Assistance,(206) 324-1244,620 18th Ave East,Seattle,98112,http://www.cfd.wa.gov/CharityGuide/ww,"Provides transitional housing for single women Our missions is ""to help women make a successful transition to permanent housing, sustainable employment and independent living."""
Youthcare - The Shelter/Threshold Group Home,Housing Assistance,(206) 267-3070,2500 NE 54th St Suite 20,Seattle,98105,http://www.youthcare.org,"Provides emergency shelter and support services for runaway and street youth, ages 12-17."
YWCA,Shelters,(425) 774-9843,6027 208th St SW,Lynnwood,98036,,Provides emergency and transitional shelter for homeless single mothers with children under age 18; Limited motel vouchers.
YWCA East Cherry,Shelters,(206) 568-7841,2820 E. Cherry,Seattle,98122,,Call or write for more information and availability
YWCA Emergency Shelter,Shelters,(206) 461-4888,1118 Fifth Ave,Seattle,98101,http://www.ywcaworks.org,28 days emergency shelter for women with or without children. Meals not provided. Call for screening.
"YWCA of Seattle, King and Snohomish CountiesRenton Regional C",,,1025 S. 3rd St. STE. E,Renton,98055-,http://www.ywcaworks.org/,"""The YWCA serves nearly 50,000 women and families in King and Snohomish counties each year with these critical services: Ending Homelessness, Creating Self-Sufficiency, Caring for Youth and Providing Safe Havens."" Houses homeless one-or t"
Ywca Of Seattle/King County Snohomish County - Family Village,Housing Assistance,(425) 556-1351,16601 NE 80th St,Redmond,98052,,Offers transitional housing with case management for homeless Eastside families with dependent children;
YWCA of Seattle/King County Snohomish County - Opportunity Place,Shelters,(206) 436-8650,"2030 3rd Ave, Seattle",Seattle,98101,http://www.ywcaworks.org,Operates 25-bed women's overflow shelter; 9:00pm - 7:00am Referrals only from Women's Referral Center or Operation Night Watch.
Seattle Emergency Housing Service (SEHS),,(206) 461-3660,905 Spruce St #111,Seattle,98104,http://www.emergencyhousing.org/,"SEHS provides free, on-site resources to help families. Each family in our program is assigned a case manager who meets regularly with them. Families also have access to a food bank, clothing, house wares and transportation assistance. Pa"
North City Oxford (Women’s),Housing Assistance,(206) 440-0417,17512 Corliss Avenue No,Shoreline,98133,http://www.waoxfordhouse.org/,Oxford House provides independently run residential housing for clean and sober women. Single and double rooms rented. House is all female. Housing now available for women with children. Children are allowed to visit.
Youthcare - Passages Sand Point Young Adult Transitional Living,Housing Assistance,(206) 985-8343,6622 62nd Ave NE,Seattle,98115,http://www.youthcare.org,"Provides young adults, ages 18-21, with housing, case management, and other support services; maximum stay 18 months."
Compass Cascade Womens Center,Housing Assistance,(206) 357-3150,1205 Thomas St,Seattle,98109,http://www.compasscenter.org,"Offers transitional housing and support services for single homeless women, ages 18 and older; may stay up to 12 months."
Changing Faces Transitional Housing,,,PO Box 3915,Federal Way,98063,,Call or write for availability and information
Chief Seattle Club,,(206) 623-7219,113 Cherry St,Seattle,98104,http://www.chiefseattleclub.org,"Drop-in center provides hygiene facilities, food, clothing, nursing, social time, benefits help for Native Americans and Native Alaskans; 7:00am - 9:00am, Monday through Friday."
Childhaven - Broadway Branch,,(206) 328-5437,316 Broadway,Seattle,98122,http://www.childhaven.org,"Free emergency respite care for children, BIRTH TO 6 YEARS OLD, during family crises or other stressful situations; No DSHS referral needed."
Children's Home Society of Washington,,(206) 695-3200,3300 NE 65th St. PO Box 15190,Seattle,98115,www.childrenshomesociety.org,A specialized foster home that provides comprehensive services to teen mothers (age 14 and up) and their infants/toddlers who would otherwise be homeless.
Church of Mary Magdalene,,(206) 621-8474,811 5th Ave,Seattle,98104,http://www.churchofmarymagdalene.org,"Housing assistance for women and children. Drop-in center for homeless and formerly homeless women and children; Provides showers, laundry, information, move-in assistance, toys, breakfast, and lunch"
Cityteam Ministries,,(206) 352-1300,904 Elliott Ave W.,Seattle,98119,http://www.cityteam.org,"No Sex Offenders. Overnight shelter for single adult men; register for bed at 5:30pm; Enter for chapel service, hot meal and bed by 6:15pm; First 5 nights free, $3.00 thereafter."
Colman Park - Oxford House (Men's),,(206) 527-1084,1907 - 20th Avenue Sout,Seattle,98144,http://www.waoxfordhouse.org/,Oxford House provides independently run residential housing for clean and sober men. Single and double rooms rented. House is all male. Housing now available for women with children. Children are allowed to visit. Houses are not generall
Columbia Court,Housing Assistance,(206) 461-3614,728 26th Ave.,Seattle,98122,,Transitional housing for homeless families. Located in the Central District of Seattle.
Common Ground,Housing Assistance,(206) 461-4500,401 Second Ave S Suite,Seattle,98104,http://www.commongroundwa.org,Common Ground's mission is to create and preserve housing for persons with low income and special needs throughout Washington State.
Katherine’s House,Housing Assistance,(253) 850-2517,327 3rd Ave So.,Kent,98032,http://www.ccsww.org,Katherine’s House provides transitional housing and support services for single women exiting the regional justice center.
Community Resources Online,Information Assistance,,,Seattle,,http://www2.ci.seattle.wa.us/crisisclinic/,Community Resources Online (CRO) connects you with up-to-date details on thousands of services in Seattle and King County. Search our database to find the people and programs that can help you.
Church Council Homelessness Project,Housing Assistance,(206) 525-1213,4759 15th Ave NE,Seattle,98105,,Call or write for information and availability
Compass Center,Housing Assistance,(206) 357-3100,77 S. Washington St.,Seattle,98104,http://www.compasscenter.org,"Short term, long term, transitional and low-income housing. $3.00 a night. 75 capacity Waiting list sign up. Administration Hours: Monday through Friday 9:00am - 5:00pm. Client Services: Monday through Friday 9:00am - 3:00pm."
Compassion House,Housing Assistance,(425) 391-3416,165 Front St,Issaquah,98027,,Operates a transitional housing facility for Issaquah-area individuals and families; Makes referrals to support services; One month renewable contracts.
Conejo Counseling and Referral Service,Housing Assistance,,3808 S Angeline Street,Seattle,98118,,"Provides low-income housing for homeless, chronically mentally ill, adult Hispanics/Latinos; substance abusers; and female victims of domestic violence/sexual assault. Also provides a batterer's treatment program; outreach."
Conquest House,Housing Assistance,(206) 246-5263,4617 S. 144th Street,Tukwila,98168,,"Accepts people with a criminal History. No sex offences. Accepts applications from soon to be released people if referred by CCO or attorney. $500.00 admission fee. $1000.00 a month or ability to pay. Limited space for families. AA Meetings, Morning de"
Cooper House,Housing Assistance,,1700 24th Ave. South,Seattle,,,31 Furnished units of affordable housing. Community living environment. Off street parking. Laundry facilities on site. Utilities and basic cable included. Walking distance from shopping. On bus line. Low Income
Cornerstone,Housing Assistance,(206) 760-5599,Correction Connection R 5617 Rainier Av,Seattle,98118,,21 Furnished units of affordable housing. Community living environment. Off street parking. Laundry facilities on site. Walking distance from shopping. On bus line. Low Income
Council House,Housing Assistance,(206) 323-0344,1501 17th Ave.,Seattle,98122,,HUD or subsidized housing for elders or disabled in Seattle. Low Income Disability / Medical
Covington - Oxford (W/C),Housing Assistance,(000) 000-0000,18011 SE 265th Place,Covington,98042,http://www.waoxfordhouse.org/,Oxford House provides independently run residential housing for clean and sober women. Single and double rooms rented. House is all female. Housing now available for women with children.
Juanita Oxford (Men’s),Housing Assistance,(425) 820-4737,8420 N.E. 132nd Place,Kirkland,98034,http://www.waoxfordhouse.org/,Oxford House provides independently run residential housing for clean and sober men. Single and double rooms rented. House is all male. Children are allowed to visit. Houses are not generally handicapped accessible. Average 30 days sobr
Community Home Ownership Center,Housing Assistance,(206) 587-5641,1000 Second Ave Ste 27,Seattle,98104,http://www.choc-wa.org,"The Community Home Ownership Center (CHOC) is a non-profit, 501 (c)(3) agency that helps low to moderate-income households achieve the dream of homeownership. Through our free, statewide Homeownership Hotline we provide a clearinghouse of infor"
Roots Young Adult Shelter,Housing Assistance,(206) 632-1635,University Temple Unite 1415 NE 43rd St,Seattle,98105,http://roots.udsp.org,"Operates a shelter for young adults, ages 18 - 25 Provides referrals to housing and other resources; Dinner and breakfast; Intake Monday through Saturday 9:00pm - 10:00pm"
Santos Place,Housing Assistance,(206) 529-9224,6940 62nd Ave. NE,Seattle,98115,,"Income at or below 30% area median ($16,350/yr.). Must be homeless by HUD, MOD Rehab standards, 6 months drug free and demonstrate an ongoing commitment to addressing this issue, no history of arson, no crimes against children or sexual assault, no"
Queen Anne Helpline,Housing Assistance,(206) 282-1540,311 W McGraw St,Seattle,98119,http://www.queenannehelpline.org,Provides vouchers for three night' stay at City Team Ministries shelter; single men only.
Randolph Carter Family and Learning Center,Housing Assistance,(206) 328-5774,100 23rd Ave S.,Seattle,98144,,"A multi-service branch of Catholic Community Services that offers assistance in the forms of family support, housing, emergency services, counseling, support for people with disabilities, and youth services. Low Income"
Ratcliff House Work Release,Housing Assistance,(206) 720-3005,1531 13th Ave. South,Seattle,98144,,Call or write for more information and availability Low Income
Rentco Apartments,Housing Assistance,(206) 992-2122,2715 NW 185th St.,Seattle,98117,,Housing for ex-offenders.
Renton Housing Authority,Housing Assistance,(425) 226-1850,2900 NE 10th Street P.O. Box 2316,Renton,98056,http://www.rentonhousing.org/,Call or write for more information and availability
Renton Valley Oxford (Men's),Housing Assistance,(425) 255-2239,3704 Morris Ave. South,Renton,98015,http://www.waoxfordhouse.org/,Oxford House provides independently run residential housing for clean and sober men. Single and double rooms rented. House is all male. Children are allowed to visit. Houses are not generally handicapped accessible. Average 30 days sob
Reynolds Work Release,Housing Assistance,(206) 464-6320,410 4th Ave,Seattle,98104,,"CAPACITY: 99 male. The Reynolds Work Release Second Chance program is located in the historical downtown Seattle, Washington area. The King County Courthouse and King County Jail are both within close proximity. Reynolds Work Release is a 99-bed resident"
Ridgecrest Oxford (Men’s),Housing Assistance,(206) 829-9852,16203 - 5th Avenue NE,Seattle,98155,http://www.waoxfordhouse.org/,Oxford House provides independently run residential housing for clean and sober men. Single and double rooms rented. House is all male. Children are allowed to visit. Houses are not generally handicapped accessible. Average 30 days sobr
Providence Hospitality House,Housing Assistance,(206) 322-2107,,Seattle,,,Guests need to be out of the shelter Monday through Friday between the hours of 9:00am - 4:00pm. Provides emergency shelter for homeless women with children. Will not house abused women who are being actively pursued. An emergency shelter for h
Ronald McDonald House Charities,Housing Assistance,(206) 223-6403,Western Washington 5000 40th Ave.,Seattle,98105,http://www.cfd.wa.gov/CharityGuide/ww,Enhancing the lives of seriously ill children and their families through our home-away-from home. We also provide support to other children's organizations through a grants program. Family
Plymouth Housing Group,Housing Assistance,(206) 652-8325,1524 1st Ave,Seattle,98101,http://www.plymouthhousing.org,Transitional housing. Call or write for more information and availability. Family
Rose of Lima House,Housing Assistance,(206) 441-1200,120 Bell St.,Seattle,98121,http://www.rosehouse.org,"Transitional housing for women. A women’s transitional housing program that provides safe community living and support services to 13 homeless single women for up to two years. Services include meals, case management, life skills classes, acce"
S.E. Effective Development Housing Project,Housing Assistance,(206) 760-4265,5117 Rainier Ave S.,Seattle,98118,,Affordable housing. Call or write for more information and availability. Low Income
Sacred Heart Shelter,Housing Assistance,(206) 285-7489,232 Warren Ave N.,Seattle,98109,http://www.ccsww.org,"Women and families only. Provides 24-hour emergency housing for families and single women. Residents may stay at Sacred Heart Shelter for up to 90 days. Services include transportation vouchers, access to free childcare, clothing, weekly no-cost med"
Salvation Army,Housing Assistance,(425) 255-5969,206 S Tobin St,Renton,98055,http://www.nwarmy.org,DV ONLY: Provides occasional motel vouchers for Renton area DV clients with verifiable reason for inability to stay in a shelter. Two-night maximum Shelters
Salvation Army - White Center,Housing Assistance,(206) 767-3150,9045 16th Ave SW,Seattle,98106,,Call or write for more information and availability Shelters
Salvation Army - William Booth Center,Housing Assistance,(206) 621-0145,811 Maynard Ave S,Seattle,98134,http://www.nwarmy.org,"Gethsemane Lutheran Church 911 Stewart St Seattle, WA 98101 Operates shelter for homeless men, ages 18 and over; provides transitional shelter for up to 6 months; Intake 8:00am - 4:00pm, daily. Transitional housing for men who are employed, in"
Salvation Army ARC,Housing Assistance,(206) 587-0503,1000 Seattle,Seattle,98134,http://www.nwarmy.org,"Required Length of Stay 6 months. Alcohol and Drug Work Therapy Program. Offers Christian-based residential, social rehabilitation program for men with identifiable social handicaps; clients stay 6-12 months."
Salvation Army Women's Shelter,Housing Assistance,(206) 447-9944,1101 Pike,Seattle,98101,http://www.nwarmy.org,"Shelter for single women age 18+. Provides transitional shelter for single women, 7:00pm - 10:00am daily. Call 8:00am - 5:00pm for intake. May stay up to six months. Provides case management and support."
Sand Point Apartments,Housing Assistance,(206) 729-5126,6831 62nd Ave. SE Suite,Seattle,98115,http://www.ccsww.org,"Provides 26 units of family transitional housing through the Sand Point Community Housing Association. Families may stay up to two years, during which time they receive ongoing services from a full-time employed case manager, supporting them i"
Roar of Washington,Housing Assistance,(206) 634-1977,4021 Aurora Ave N,Seattle,98103,http://www.roarofwashington.org/,"Crisis intervention with rents, utility and shelter. NW Children's Projects, help needy kids. Special Needs and Work Projects keep families together as they become economically independent. Provides motel vouchers for homeless families a"
Peabody Oxford (Women’s),Housing Assistance,(425) 487-9197,10428 NE 186th Street,Bothell,98011,http://www.waoxfordhouse.org/,Oxford House provides independently run residential housing for clean and sober women. Single and double rooms rented. House is all female. Housing now available for women with children. Children are allowed to visit. Houses are not gener
Northgate Oxford (Women’s),Housing Assistance,(206) 526-1541,10036 Interlake Avenue Seattle Seattle,98133,,http://www.waoxfordhouse.org/,Oxford House provides independently run residential housing for clean and sober women. Single and double rooms rented. House is all female. Housing now available for women with children. Children are allowed to visit. Houses are not gener
Nunziato Oxford (Women’s),Housing Assistance,(206) 542-7951,1610 North 199th Street,Shoreline,98133,http://www.waoxfordhouse.org/,Oxford House provides independently run residential housing for clean and sober women. Single and double rooms rented. House is all female. Housing now available for women with children. Children are allowed to visit. Houses are not gener
City of Seattle,,(206) 684-0347,700 5th Ave. Sui,Seattle,98101,,Call or write for information and availability
Trinity House Fresh Start Program,Housing Assistance,(206) 431-9646,Tukwila,,98168,,"Transitional housing for men, including mental health and chemical dependency counseling, job-search assistance; Call for screening"
Oak Tree Oxford (Men’s),Housing Assistance,(206) 783-7178,754 North 100th Street,Seattle,98133,http://www.waoxfordhouse.org/,Oxford House provides independently run residential housing for clean and sober men. Single and double rooms rented. House is all male. Children are allowed to visit. Houses are not generally handicapped accessible. Average 30 days sobr
Olive towers Apartments,Housing Assistance,(206) 623-2893,1624 Boren,Seattle,98101,,Low cost apartments in the downtown Seattle area.
Operation Nightwatch,Housing Assistance,(206) 323-4359,P.O. Box 21181 302 14th Avenue,Seattle,98144,http://www.seattlenightwatch.org,"Nighttime drop-in center at 302 14th Avenue South (between Yesler and Jackson on the corner of 14th and Main). Open nights, not days. Screening and referrals done every night starting 9:00pm until 12:30am. Please do not arrive early. Single"
Othello House,Housing Assistance,(206) 525-1213,7349 - 7351 43rd Ave. So,Seattle,99118,,Housing for homeless individuals. Call or write for more information and availability
Overlake Christian Church,Housing Assistance,(425) 485-3582,16902 Woodinville Duva,Woodinville,98072,http://www.specialdelivery.org,"Operates a transitional housing facility for single, pregnant women; pro-life philosophy; alcohol, drug, and smoke free"
Queen Anne Gardens,Housing Assistance,(206) 443-9935,1250 5th Ave N,Seattle,98109,,38 Studio Apartments. Seniors 62 or older or disabled persons of any age.
Payne Apartments,Housing Assistance,(206) 623-9628,1521 7th Ave.,Seattle,98104,,Low cost Apartments in the downtown Seattle area. $225.00  - $325.00 per month. 1 bedroom and studio apartments. Utilities included
Publix Hotel,Housing Assistance,(206) 345-9217,504 5th Street,Seattle,98109,,Low cost apartment in the downtown Seattle area. $240.00 per month
Peniel Mission,Housing Assistance,(206) 441-7700,2421 1st Ave.,Seattle,98104,,Low cost apartments in the downtown Seattle area. $180.00 per month
Phinney House,Housing Assistance,(206) 525-1213,12025 Phinney Ave. N,Seattle,98133,,Transitional Housing for homeless individuals. 7 bedroom in one house
Pioneer Fellowship House,Housing Assistance,(206) 667-9674,220 11th Ave.,Seattle,98112,,Low cost apartments in the downtown Seattle area
Pioneer Human Services,Housing Assistance,(206) 766-7940,7000 Highland Parkway,Seattle,98106,http://www.pioneerhumanserv.com,Does not accept people with Sex Crimes and arson. Drug an alcohol free-living environment for people in recovery. Has monthly service fees for the duration of your stay in the program. First come first serve bases.
Pioneer Human Services,Housing Assistance,(206) 766-7950,10825 E. Marginal Way,Seattle,98168,,Does not accept people with Sex Crimes and arson. Drug an alcohol free-living environment for people in recovery. Has monthly service fees for the duration of your stay in the program. First come first serve bases.
Pioneer Human Services St. Regis Hotel,Housing Assistance,(206) 448-6366,116 Stewart St.,Seattle,98101,,Does not accept people with Sex Crimes and arson. Drug an alcohol free-living environment for people in recovery. Has monthly service fees for the duration of your stay in the program. First come first serve bases.
Pioneer Human Services - Spruce Street Secure Crisis Residential Center,Housing Assistance,(206) 587-0992,1102 E Spruce St,Seattle,98122,http://www.pioneerhumanserv.com,Does not accept people with Sex Crimes and arson. Drug an alcohol free-living environment for people in recovery. Has monthly service fees for the duration of your stay in the program. First come first serve bases.
Pioneer Square Hotel,Housing Assistance,(206) 340-1234,77 Yesler Way,Seattle,9104,,Low cost apartments in the downtown Seattle area. $368.00 per month
Plateau Outreach Ministries,Housing Assistance,(360) 825-8961,1749 Cole St,Enumclaw,98022,,"Wednesdays 10:00am - 12:00pm. Assists with eviction prevention, move-in costs, utilities, propane, prescriptions, school supplies for children, motel vouchers. Provides food and clothing to anyone in need."
Panama Hotel,Housing Assistance,(206) 223-9242,605½ South Main,Seattle,98109,,Low cost apartments in the downtown Seattle area. $275.00 per month. One month's rent in advance. 1 bedroom or studio apartments. Elevator. Wheelchair access. Utilities included
Tabernacle Mission Baptist Church - Dolly Austin House,Housing Assistance,(206) 329-9794,417 28th Ave S,Seattle,98144,,"Operates a transitional housing program for young adults, ages 18 through 25. Alcohol- and drug-free; two-year maximum stay."
St. Charles Apartment,Housing Assistance,(206) 624-1674,619 3rd Ave.,Seattle,98104,,Low cost apartment in downtown Seattle area. $235.00 - $310.00 month. Elevator. Utilities included
St. Mark's Shelter,Housing Assistance,(206) 441-3210, F Runs NOEL House,Seattle,98121,,"Emergency night shelter for 30 women. Women’s Referral Center -- Provides evening shelter, nightly meals, showers, laundry and shelter referrals for more than 175 women each night."
St. Martin de Porres Shelter,Housing Assistance,(206) 323-6341,1561 Alaska Way - Pier 3,Seattle,98134,http://www.ccsww.org,Provides nightly shelter to an average of 212 homeless men age 50 and older. St. Martin’s works in collaboration with eight area churches to provide satellite shelter (overflow) programs that operate during the winter months (October-March) and
St. Regis Hotel,Housing Assistance,(206) 448-6366,116 Stewart St,Seattle,98101,,"Proof of income or upfront cash. Fees deposit and monthly rent. Several locations. Clean and sober, works with Pioneer Industry"
St. Stephen Housing Association,Housing Assistance,(253) 638-9798,416-438 4th St,Auburn,98002,http://www.sstha.org,"Offers affordable transitional housing and case management for up to 2 years for low-income, homeless families with minor children exiting shelters."
Veterans Administration Puget Sound Health Care System - Seattle,Addictions Treatment,(206) 764-2123,1660 South Columbian Way,Seattle,98180-,,"Intensive Inpatient, Focus on: General Population, # of Beds: 30 Outpatient, Focus on: Also Dual Disorders JCAHO Accredited"
UGM Riverton Place,"DUI Assessment, Faith-Based",(206) 242-5585,3020 South 128th Street,Seattle,98168-,,"DUI Assessment, Focus on: Faith-Based Intensive Outpatient, Focus on: Faith-Based Outpatient, Focus on: Faith-Based"
Valley Medical Center - Valley Family Care,Comprehensive Health Care,(425) 656-4224,3915 Talbot Rd South Suite 401,Renton,98055-,http://www.valleymed.org,"Valley Professional Center N Provides comprehensive health care including immunizations, preventative, and low-risk outpatient surgery services."
United Treatment and Therapy,"DUI Offenders, Youth",(425) 688-0033,"12501 Bel Red Road, Suite",Bellevue,98005-,,"A Company of EWR, Inc. DUI Assessment, Focus on: DUI Offenders Intensive Outpatient, Focus on: Youth Outpatient, Focus on: Youth"
University of Washington - Hall Health Primary Care Center,General Medical Problems,(206) 616-2495,East Stevens Circle,Seattle,98195-,http://www.hallhealthcenter.com,Offers evaluation and treatment of general medical problems. Physical exams and routine gynecologic care are available. Provides health education material.
University of Washington Dental School,Medical Coupons,(206) 543-3525,Ch,Seattle,98195-,,Medical coupons
University of Washington Medical Center,Primary Care,(800) 826-1121,1959 NE Pacific St,Seattle,98195-,http://www.uwmedicalcenter.org,"Clinics offer primary care, including family medicine, family planning, pediatrics, general internal medicine, women's health and senior care."
University of Washington Medical Center - Post Polio Clinic,Post Polio Evaluation and Treatment,(206) 598-4295,1959 NE Pacific St,Seattle,98195-,http://depts.washington.edu/rehab,Provides evaluation and treatment of problems which appear to be related to the patient's previous polio.
University of Washington Medical Center - Roosevelt,Adult Primary Health Care,,Roosevelt,Seattle,99356-,http://www.uwmedicine.org/Facilities/U,Provides adult primary health care services.
University of Washington Department of Psychiatry,MICA Youth,(206) 685-3093,Prime Time Program 146 N. Canal Street,Seattle,98103-,,"Outpatient, Focus on: MICA Youth Youth"
Valley Cities Counseling and Consultation - Auburn,"DUI Assessment, MICA",(253) 939-4055,2704 I Street NE,Auburn,98002-,,"Branch of Valley Cities Counseling and Consultation DUI Assessment Intensive Outpatient, Focus on: MICA Outpatient, Focus on: MICA JCAHO Accredited Online Reporting"
Valley Cities Counseling and Consultation - Federal Way North,"DUI Assessment, Co-Occurring Disorder",(253) 661-6634,33301 1st Way South Suite C-115,Federal Way,98003-,,"DUI Assessment Intensive Outpatient, Focus on: Co-Occurring Disorder Outpatient, Focus on: Co-Occurring Disorder JCAHO Accredited Online Reporting"
Valley Cities Counseling and Consultation - Kent,"DUI Assessment, Dual Disorder",(253) 520-9350,325 West Gowe Street,Kent,98032-,,"Branch of Valley Cities Counseling and Consultation DUI Assessment Intensive Outpatient, Focus on: Dual Disorder Outpatient, Focus on: Dual Disorder JCAHO Accredited Online Reporting"
Swedish Medical Center,Perinatal Medicine,(206) 386-2101,1221 Madison St,Seattle,98102-,,Perinatal Medicine
Thunderbird Treatment Center,Inpatient Drug and Alcohol Program,(206) 722-7152,9236 Renton Ave. So.,Seattle,98118-,,This is an inpatient drug and alcohol program for adults and children ages 13 - 17. Children need assessment before they are admitted to the program. They do not take children with major mental illnesses.
Center on Human Development and Disabilities,Diagnostic Assessment,(206) 685-1242,University of Washington PO Box 357920,Seattle,98195-,,"Provides an interdisciplinary team approach of diagnostic assessment of children with multiple handicaps, mental retardation, and developmental delays. Eligibility: Age 0 - 14 years with aforementioned problems. Call for evaluation and further"
Brain Injury Association of Washington,"Informational and Referral, Support Groups",(206) 388-0901 / (,300-120th Ave NE Building 3 Suite,Bellevue,98005-,www.biawa.org,Informational and referral Support groups
"Coastal Treatment Services, Inc. - Bellevue",Alcohol/Drug Treatment Services,(425) 646-4406,"14730 N.E. 8th Street, Suite",Bellevue,98007-,,"Advanced Alcohol/Drug Treatment Services Alcohol and Drug Information School DUI Assessment Intensive Outpatient Outpatient, Focus on: Co-Occurring Disorder Online Reporting"
Circle of Recovery,"Alcohol and Drug Information School, DUI Assessment",(206) 542-1136,1207 N. 200th Street Suite,Seattle,98133-,,Alcohol and Drug Information School DUI Assessment Intensive Outpatient Outpatient
Chrysalis Counseling,"Alcohol and Drug Information School, DUI Assessment",(206) 547-2171,4250 Aurora Avenue North,Seattle,98103-,,"Branch of Island Assessment and Counseling Center, Inc. Alcohol and Drug Information School DUI Assessment Intensive Outpatient Outpatient"
Children's Hospital and Regional Medical Center,Referrals and Treatment for Childhood Psychological Problems,(206) 987-2000,4800 Sand Point Way NE,Seattle,98105-,www.seattlechildrens.org,"Children's Hospital and Medical Center Provides referrals and treatment for childhood psychological problems. Appropriate referrals are: Attention Deficit Disorder, behavior problems, depression, suicidal, socially withdrawn, conduct disorders, physical and sexual abuse, family cris"
Children's Home Society,Counseling for Children and Families,(206) 695-3200,3300 NE 65th St.,Seattle,98115-,http://www.chs-wa.org,Counseling for children and families.
Children’s Federal Way,,(253) 838-5878,,Federal Way,,,
Community Health Centers of King County - Kent Community Health Center,Primary Health Care Services,(425) 226-5536,200 S 2nd St,Renton,98055-,http://www.chckc.org,"Offers primary health care services for men, women and children, family planning, pediatrics, ob/gyn and physical exams. Low-Cost/Sliding-Scale/Negotiable"
Central Youth and Family Services,Therapeutic Health Services,(206) 322-7676,1901 Martin Luther King,Seattle,98144-,,"Therapeutic Health Services Intensive Outpatient, African American Youth Outpatient, Primarily Youth Online Reporting"
Center for Human Services (Youth and North * Star Programs),"ADATSA Assessment Center, Alcohol and Drug Information School",(206) 362-7282,17018 15th Avenue N.E.,Shoreline,98155-,,"ADATSA Assessment Center, Alcohol and Drug Information School, DUI Assessment, Intensive Outpatient, Outpatient, Online Reporting"
Center for Counseling and Health Resources / Des Moines,Adult Alcohol and Drug Information School,(360) 629-4842,9727 271st Street NW,Stanwood,98292-,,"Branch of the Center, Inc. Adult Alcohol and Drug Information School, Adult DUI Assessment, Adult Intensive Outpatient, Adult Outpatient,"
Cedar Hills Treatment Center,Drug and Alcohol Treatment Center,(206) 296-8700,5900 227th Avenue SE,Maple Valley,98038-,,"Cedar Hills is a drug and alcohol treatment center in Maple Valley, WA. The average length of inpatient treatment is 21 - 90 days. Private and state insurance are accepted. To apply for state payment (ADATSA) go to your local DSHS office. Even if you a"
Catholic Community Services - South King County,"DUI Assessment, Adult Intensive Outpatient",(253) 854-0077,1229 West Smith Street,Kent,98032-,,"DUI Assessment, Adult Intensive Outpatient, Adult Outpatient, Online Reporting"
Catholic Community Services - Seattle/King County,DUI Assessment,(206) 328-5774,100 23rd Avenue South,Seattle,98144-,,Catholic Community Svcs of W. WA DUI Assessment Outpatient
Catholic Community Services,,(206) 328-5774,,Seattle,,,
Capitol Hill Community Resource Center,Medical Services,(206) 322-4567,509 10th Ave E,Seattle,98102-,http://www.chcrc.org,Provides free medical services by appointment for treatment of non-emergency medical issues. Doctor will write prescriptions.
Downtown Emergency Service Center (Seattle),Chemical Dependency Treatment Program,(206) 464-1570,507 Third Avenue,Seattle,98104-,,"Focus on: Chronic Public Ineb. Outpatient, Chronic Public Ineb. Intensive Outpatient"
Children’s Bellevue,,(425) 454-6444,Bellevue,,,,
Community Psychiatric Clinic - Northgate Branch,ADATSA Assessment Center,(206) 461-4544,10501 Meridian Avenue Suite D,Seattle,98133-,,"Adult Alcohol and Drug Information School, Focus on: Adult DUI Assessment, Adult Intensive Outpatient, Adult and Youth Outpatient, CARF Accredited, Online Reporting"
"Avalon Center, The",,(206) 935-6228,2622 Alki Avenue S.W. #,Seattle,98116-,,"Alcohol and Drug Information School, DUI Assessment, Intensive Outpatient, Outpatient"
Court Services Institute (CSI),,(425) 614-0428,15715 206th Avenue S.E.,Renton,98059-,,Alcohol and Drug Information School
Country Doctor Community Clinic,Primary Health Care,(206) 299-1600,500 19th Ave E,Seattle,98112-,http://www.cdchc.org,Offers primary health care for children and adults. Provides family planning and nutrition evaluation. Offers short term counseling to primary care patients.
Corp Recovery (Cocaine Outreach and Recovery Program),African American,(206) 323-5399,815 South Weller Street Suite 200,Seattle,98104-,,
Consejo Counseling and Referral - Seattle,,(206) 461-4880,3808 South Angeline,Seattle,98118-,,"Alcohol and Drug Information School, DUI Assessment, Intensive Outpatient, Outpatient, Spanish, Youth, Online Reporting"
Consejo Counseling and Referral - Eastside branch,,(425) 747-7892,1412 140th Place N.E.,Bellevue,98007-,,"Alcohol and Drug Information School, Spanish DUI Assessment, Spanish Intensive Outpatient, Spanish Outpatient"
Consejo,Counseling and Referral Services,(206) 461-4880,3808 S. Angeline,Seattle,98118-,http://www.consejo-wa.org,Counseling and referral services for the Latino community.
Comprehensive Alcohol Services (CAS),,(253) 859-5487,1609 S. Central Avenue #,Kent,98032-,,"Alcohol and Drug Information School, DUI Assessment, Intensive Outpatient, Outpatient"
Community Health Centers of King County - Kent Community Health Center,Medical Care Services,(425) 486-0658,6016 NE Bothell Way,Kenmore,98028-,http://www.chckc.org,"Offers medical care services for men, women, and children, physical exams and preventive services. Payment options: Low-Cost/Sliding-Scale/Negotiable"
Community Psychiatric Clinic - Seattle,ADATSA Assessment Center,(206) 461-3614,"400 Yesler Way, 1st Floo",Seattle,98104-,,"Intensive Outpatient, CARF Accredited"
Birthright of Seattle,,(206) 789-5676,214 Warren Ave N,Seattle,98109-,http://www.birthright.org,"Provides pregnancy tests, tangible needs, info and referral for pregnant women and women who may be pregnant; No abortion referrals."
Community Psychiatric Clinic - City Center Branch,,(206) 461-3209,418 Second Avenue Exte,Seattle,98104-,,"Outpatient, Focus on: Adult and Youth, CARF Accredited, Youth, Online Reporting"
Community Psychiatric Clinic - Bridgeway,ADATSA Assessment Center,(206) 632-5009,3825 Bridgeway North,Seattle,98103-,,"Adult Alcohol and Drug Information School, Focus on: Adult DUI Assessment, Adult Intensive Outpatient, Adult and Youth Outpatient, CARF Accredited, Online Reporting"
Community Psychiatric Clinic - Belltown,ADATSA Assessment Center,(206) 461-3649,2329 Fourth Avenue,Seattle,98121-,,"Adult Alcohol and Drug Information School, Focus on: Adult DUI Assessment, Adult Intensive Outpatient, Adult and Youth Outpatient, Adult and Youth CARF Accredited, Online Reporting"
Community Psychiatric Clinic - Bellevue,,(425) 454-3021,Eastside Regional Servic,Bellevue,98005-,,"Alcohol and Drug Information School, DUI Assessment, Intensive Outpatient, Outpatient, CARF Accredited"
Community Information Line - Crisis Clinic of King County,,(206) 461-3210,1515 Dexter Ave N Ste 300,Seattle,98109-,http://www.crisisclinic.org,Monday through Friday 8:30am - 6:00pm. Offers a comprehensive information and referral service (human and social services) for King County. Handicapped accessible. Must be a resident of King County
Community Services for the Blind/Partially Sighted,,(800) 458-4888,9709 3rd Ave. NE Suite 1,Seattle,98115-,http://www.csbps.com/,"Information and referral, Low vision clinic, Rehabilitation program, Resource guides (large print), Support groups"
Community Health Centers of King County - Kent Community Health Center,Medical Care Services,(253) 874-7634,33431 13th Pl S,Federal Way,98003-,http://www.chckc.org,"Offers medical care services for men, women and children, physical exams and preventive services. Low-Cost/Sliding-Scale/Negotiable"
Community Health Centers of King County - Kent Community Health Center,Medical Care Services,(253) 735-0166,126 Auburn Ave,Auburn,98002-,http://www.chckc.org,"Offers medical care services for men, women and children, physical exams and preventive services. Low-Cost/Sliding-Scale/Negotiable"
Community Psychiatric Clinic - Wallingford House,ADATSA Assessment Center,(206) 461-3707,4120 Stone Way North,Seattle,98103-,,"Adult Outpatient, CARF Accredited, Online Reporting"
Community Services for the Deaf and Hard of Hearing,,TTY: (800) 833-6,1609 19th Ave.,Seattle,98122-,http://www.cscdhh.org,"Information and referral, Interpreters - American sign language, Library"
Bridge Way Treatment Services,,(425) 283-5315,1800 - 112th Avenue N.E Suite 260E,Bellevue,98004-,,"Alcohol and Drug Information School, DUI Assessment, Intensive Outpatient, Outpatient, Online Reporting"
Answers for Special Kids (ASK)Resource Line,Behavioral Issues / Mental Health,N/A,,,,http://www.hmhbwa.org/ask.html,Including outpatient/residential programs
Aradia Women's Health Center,,(206) 323-9388,300 Spring St.,Seattle,98104-,http://www.gynpages.com/aradia/,"Wednesday, Friday and Saturday 8:00am - 4:00pm, Tuesdays and Thursdays 10:00am - 6:00pm, Mondays 9:00am - 5:00pm. Fees: 1st trimester abortion $450-690, 2nd trimester abortion $575-815, up to 14 weeks."
Arch Recovery Foundation NFP,,(253) 815-0137,33838 Pacific Highway S Suite A-101,Federal Way,98003-,,"Alcohol and Drug Information School, DUI Assessment, Intensive Outpatient, Outpatient"
"Armstrong Alcohol and Drug Recovery, LLC",,(206) 575-1958,625 Strander Boulevard Suite C,Tukwila,98188-,,"DUI Assessment, Adult Intensive Outpatient"
Arthritis Foundation of Washington and Alaska,,(206) 547-2707,3876 Bridge Way N.,Seattle,98103-,http://www.arthritis.org,"Information and referral, Support groups (arthritis and fibromyalgia), Physician referral"
Asian American Chemical Dependency Treatment Service,Asian/Pacific Islander,(253) 941-2287,3150 Richards Rd. Suite 203,Bellevue,98005-,,"Alcohol and Drug Information School, Asian/Pacific Islander DUI Assessment, Asian/Pacific Islander Intensive Outpatient"
Asian Counseling and Referral Service (ACRS),Alcohol and Drug Information School,(206) 695-7600,720 8th Avenue South Suite 200,Seattle,98104-,,"Focus on: Adult/Asian/PI DUI Assessment, Focus on: Adult/Asian/PI Intensive Outpatient, Focus on: Adult/Youth/Asian/PI Outpatient, Focus on: Adult/Youth/Asian/PI Youth, Online Reporting"
American Lung Association,"Information and referral, Support groups",(800) 586-4872,2625 Third Avenue,Seattle,98121-,http://www.alaw.org,"Information and referral, Support groups"
Assessment and Treatment Associates - Auburn/Kent,"Alcohol and Drug Information School, DUI Assessment, Intensive Outpatient, Outpatient",(253) 205-8200,4508 Auburn Way North Suite B,Auburn,98002-,,"Alcohol and Drug Information School, DUI Assessment, Intensive Outpatient, Outpatient"
American Heart Association,The AHA has information on all aspects of heart disease and strokes; ways to prevent strokes and heart problems as well as other pertinent information,(206) 632-6881,4414 Woodland Park Ave,Seattle,98103-,http://www.americanheart.org,The AHA has information on all aspects of heart disease and strokes; ways to prevent strokes and heart problems as well as other pertinent information
Pacmed Clinics - Northgate,"Provides preventive health care, family practice, internal medicine and general primary health services. Low-Cost/Sliding-Scale/Negotiable",(206) 517-6700,10416 5th Ave NE,Seattle,98125-,http://www.pacificmedicalcenters.org,"Provides preventive health care, family practice, internal medicine and general primary health services. Low-Cost/Sliding-Scale/Negotiable"
Assessment and Treatment Associates - Bellevue,"Alcohol and Drug Information School, DUI Assessment, Outpatient, Focus on: Dual Disorder/COD",(425) 289-1600,13353 Bel-Red Road Suite 101,Bellevue,98005-,,"Alcohol and Drug Information School, DUI Assessment, Outpatient, Focus on: Dual Disorder/COD"
Quantah Assessment and Counseling Services,"Alcohol and Drug Information School, DUI Assessment, Intensive Outpatient, Outpatient",(206) 957-0721,8420 Dayton Avenue Nor,Seattle,98103-,,"Alcohol and Drug Information School, DUI Assessment, Intensive Outpatient, Outpatient"
"Associated Behavior Health Care, Inc. (Seattle Branch)","Adult Alcohol and Drug Information School, Adult DUI Assessment, Adult Intensive Outpatient, Adult Outpatient",(206) 306-8450,1155 N.E. 130th Street Suite 202,Seattle,98133-,,"Adult Alcohol and Drug Information School, Adult DUI Assessment, Adult Intensive Outpatient, Adult Outpatient"
"Associated Behavioral Health Care, Inc. - West Seattle Branch","Adult Alcohol and Drug Information School, Adult DUI Assessment, Adult Intensive Outpatient, Adult Outpatient",(206) 935-1282,4701 41st Avenue S.W. Suite 120,Seattle,98116-,,"Adult Alcohol and Drug Information School, Adult DUI Assessment, Adult Intensive Outpatient, Adult Outpatient"
"Associated Behavioral Health Care, Inc. (Bellevue)","Adult Alcohol and Drug Information School, Adult DUI Assessment, Adult Intensive Outpatient, Adult Outpatient",(425) 646-7279,Main Facility 1800 - 112th Av,Bellevue,98004-,,"Adult Alcohol and Drug Information School, Adult DUI Assessment, Adult Intensive Outpatient, Adult Outpatient"
Auburn Youth Resources,"Outpatient, Primarily Youth, Online Reporting",(253) 939-2202,816 F Street S.E.,Auburn,98002-,,"Outpatient, Primarily Youth, Online Reporting"
Aurora Medical Services,"Make appointments: 8:30am - 3:30pm, Pro-Choice. Services and fees: ; abortion 6 - 12week $440.00 - $580.00 13 - 14 weeks, $560.00 - $710.00 14 - 16 weeks, $730.00 -",(206) 546-8891,"1207 N. 200th, Suite 214",Seattle,98133-,http://www.auroramedicalservices.com,"Make appointments: 8:30am - 3:30pm, Pro-Choice. Services and fees: ; abortion 6 - 12week $440.00 - $580.00 13 - 14 weeks, $560.00 - $710.00 14 - 16 weeks, $730.00 -"
Asian-American Chemical Dependency Treatment Services - ACTS,"Asian/Pacific Islander Alcohol and Drug Information School, Asian/Pacific Islander DUI Assessment, Asian/Pacific Islander Intensive Outpatient",(253) 946-1660,24823 Pacific Highway S Suite 108,Kent,98032-,,"Asian/Pacific Islander Alcohol and Drug Information School, Asian/Pacific Islander DUI Assessment, Asian/Pacific Islander Intensive Outpatient"
Alcohol/Drug 24-Hour Help Line,"Crisis Intervention, Info and Referral for Chemical Dependency, DUI Assessment",(206) 722-3703,P.O. Box 80243,Seattle,98108-,,"Crisis Intervention, Info and Referral for Chemical Dependency, DUI Assessment"
Bi-County Co-Occurring Residential Treatment Center,"Long-Term Residential, Co-Occurring Disorder, # of Beds:16",(253) 856-1825,Branch of Pioneer Huma 505 Washington,Kent,98032-,,"Long-Term Residential, Co-Occurring Disorder, # of Beds:16"
Bellevue Probation Division,DUI Assessment,(425) 452-9656,475 - 112th Avenue Sout,Bellevue,98009-,,DUI Assessment
"A Change Counseling Services, Inc. - Vashon Island","Alcohol and Drug Information School, DUI Assessment, Intensive Outpatient, Outpatient",(206) 463-2721,17205 Vashon Highway Suite D2,Vashon,98070-,,"Alcohol and Drug Information School, DUI Assessment, Intensive Outpatient, Outpatient"
A-1 Solutions Counseling Service - Kirkland,"Alcohol and Drug Information School, DUI Assessment, Intensive Outpatient, Outpatient",(425) 823-4400,11901 - 124th Avenue N.,Kirkland,98034-,,"Alcohol and Drug Information School, DUI Assessment, Intensive Outpatient, Outpatient"
A-1 Solutions Counseling Service - Shoreline,"Alcohol and Drug Information School, DUI Assessment, Intensive Outpatient, Outpatient",(206) 418-1200,1207 North 200th Suite 212,Shoreline,98133-,,"Alcohol and Drug Information School, DUI Assessment, Intensive Outpatient, Outpatient"
Airlift Northwest,"Provides emergency medical airlift, with a highly trained medical team, for patients in Washington, Alaska, Montana and Idaho",(800) 426-2430,6987 Perimeter Road S Suite 110,Seattle,98108-,http://www.airliftnw.org,"Provides emergency medical airlift, with a highly trained medical team, for patients in Washington, Alaska, Montana and Idaho"
Alcohol and Drug 24 Hour Helpline,"Hours: 24-hour availability. Provides alcohol and drug information, crisis intervention, and referrals",(206) 722-3700,P.O. Box 18317,Seattle,98118-,http://www.adhl.org,"Hours: 24-hour availability. Provides alcohol and drug information, crisis intervention, and referrals"
Alcohol Drug Services of Washington - Auburn,"Alcohol and Drug Information School, DUI Assessment, Intensive Outpatient, Outpatient",(253) 939-2243,4204 Auburn Way N. Suite 8,Auburn,98002-,,"Alcohol and Drug Information School, DUI Assessment, Intensive Outpatient, Outpatient"
American Parkinson's Disease Association,"Information and referral, Support groups",(425) 774-5555,P.O. Box 75169,Seattle,98125-,http://www.apdaparkinson.org,"Information and referral, Support groups"
"Alcohol, Tobacco and Other Drugs Division (ATOD)","Alcohol and Drug Information, DUI Assessment",(206) 296-7552,400 Yesler Building Third Floor,Seattle,98104-,,"Alcohol and Drug Information, DUI Assessment"
DSHS Mental Health / Community Connector,"BEHAVIORAL ISSUES / MENTAL HEALTH (including outpatient/residential programs), Mental illness/health related to children’s issues",(800) 446-0259 #3,N/A,,,,"BEHAVIORAL ISSUES / MENTAL HEALTH (including outpatient/residential programs), Mental illness/health related to children’s issues"
Alcohol/Drug/help Line,"This is a telephone assistance service that provides individual assistance/guidance in the form of crisis intervention, information and referral and in/outpatient referrals, for people dealing with alcohol or drug related problems",(206) 772-3700,PO Box 18317,Seattle,98118-,http://www.adhl.org,"This is a telephone assistance service that provides individual assistance/guidance in the form of crisis intervention, information and referral and in/outpatient referrals, for people dealing with alcohol or drug related problems"
"All About Choices, Inc.","Alcohol and Drug Information School, DUI Assessment, Intensive Outpatient, Outpatient",(253) 218-0317,1833 Auburn Way North Suite J,Auburn,98002-,,"Alcohol and Drug Information School, DUI Assessment, Intensive Outpatient, Outpatient"
Alpha Center for Treatment - Bothell,"Alcohol and Drug Information School, DUI Assessment, Intensive Outpatient, Outpatient",(425) 483-4664,10614 Beardslee Boulevard Suite D,Bothell,98011-,,"Alcohol and Drug Information School, DUI Assessment, Intensive Outpatient, Outpatient"
Alternative Counseling,"Alcohol and Drug Information School, Also Russian DUI Assessment, Also Russian Intensive Outpatient, Also Russian Outpatient",(425) 251-1933,19115 S. West Valley Highway #H-110,Kent,98032-,,"Alcohol and Drug Information School, Also Russian DUI Assessment, Also Russian Intensive Outpatient, Also Russian Outpatient"
Alternatives - Seattle,"Alcohol and Drug Information School, DUI Assessment, Intensive Outpatient, Outpatient, Relapse Group",(206) 323-4750,1530 Eastlake Avenue East Suite 305,Seattle,98102-,,"Alcohol and Drug Information School, DUI Assessment, Intensive Outpatient, Outpatient, Relapse Group"
Alzheimer's Association,"The Alzheimer's Association is a resource for information, support and assistance on issues related to Alzheimer's disease",(800) 848-7097,12721 30th Ave. NE Suite 101,Seattle,98125-,http://www.alzwa.org,"The Alzheimer's Association is a resource for information, support and assistance on issues related to Alzheimer's disease"
American Diabetes Association,"Provides information and literature on diabetes. Diabetes clinics are held several times a year. They have an extensive library available to the public. A $24.00 annual fee is required for membership, w",206) 282-4616,557 Roy St.,Seattle,98109-,http://www.diabetes.org,"Provides information and literature on diabetes. Diabetes clinics are held several times a year. They have an extensive library available to the public. A $24.00 annual fee is required for membership, w"
Alcohol Drug Services of Washington - Renton,"Alcohol and Drug Information School, DUI Assessment, Intensive Outpatient, Outpatient",(425) 430-9578,140 Rainier Avenue South Suite 103,Renton,98055-,,"Alcohol and Drug Information School, DUI Assessment, Intensive Outpatient, Outpatient"
Lakeside-Milam Recovery Center East (Kirkland),Alcohol and Drug Information School,(425) 822-5095,"10422 N.E. 37th Circle, Suite B",Kirkland,98033-,,"Branch of Lakeside-Milam Recovery Centers, Inc."
Morgan Counseling Service (MCS),,(206) 241-0606,241 SW 153rd St.,Burien,98116-,,
Morgan Counseling Service (MCS),,(253) 939-2243,4204 Auburn Way N. Suite 8,Auburn,98002-,,
Mental Health Services for Youth and Kids,,(800) 790-8049,,,,,
"Lakeside-Milam Recovery Centers, Inc., Seattle/Ambaum",DASA Certified Detox Facility,(206) 241-0890,12845 Ambaum Boulevar,Seattle,98146-,,DASA Certified Detox Facility
"Lakeside-Milam Recovery Centers, Inc. (Issaquah)",Alcohol and Drug Information School,(425) 392-8468,"98 N.E. Gilman Blvd., Su",Issaquah,98027-,,"Alcohol and Drug Information School, DUI Assessment, Intensive Outpatient, Outpatient, Youth"
"Lakeside-Milam Recovery Centers, Inc. (Auburn)",Riverbend Office Building,(253) 859-6436,"721 - 45th Street N.E., Su",Auburn,98002-,,"Alcohol and Drug Information School, DUI Assessment, Intensive Outpatient, Outpatient, CARF Accredited, Youth"
"Lakeside-Milam Recovery Centers, Inc. - Seattle/Ambaum (Adolescent Inpatient)",Outpatient,(206) 241-0890,12845 Ambaum,Seattle,98146-,,"Outpatient, Acute Detoxification, # of Beds:4, DUI Assessment, Intensive Inpatient, Focus on: Youth also, # of Beds: 43, Sub-Acute Detoxification, # of Beds: 6, Intensive Outpatient, CARF Accredited, Youth"
"Lakeside-Milam Recovery Centers, Inc. - Federal Way",Alcohol and Drug Information School,(253) 942-8686,34004 - 9th Avenue Sout Suite 1A,Federal Way,98003-,,"Alcohol and Drug Information School, DUI Assessment, Intensive Outpatient, Outpatient, CARF Accredited, Youth, Online Reporting"
Eastside Addiction Professionals,Alcohol and Drug Information School,(425) 462-8558,1450 114th Avenue S.E. Suite 100,Bellevue,98004-,,"Alcohol and Drug Information School, DUI Assessment, Focus on: Adult and Youth, Intensive Outpatient, Outpatient, Youth"
Lakeside-Milam Recovery Center South (Renton),Alcohol and Drug Information School,(206) 248-4358,"1000 S.W 7th Street, Suite A",Renton,98055-,,"Alcohol and Drug Information School, DUI Assessment, Intensive Outpatient, Outpatient, CARF Accredited"
Muckleshoot Behavioral Health Program,ADATSA Assessment Center,(253) 804-8752,17500 S.E. 392nd Street,Auburn,98092-,,"Focus on: Native American, DUI Assessment, Focus on: Native American, Intensive Outpatient, Focus on: Native American, Outpatient, Focus on: Native American, Native American"
Lakeside-Milam Recovery Center (Kirkland Inpatient),"28 day inpatient, adult drug and alcohol program",(425) 823-3116,10322 N.E. 132nd St,Kirkland,98034-,,"This is a 28 day inpatient, adult drug and alcohol program. Follow-up outpatient treatment is also provided. They do accept insurance. Call for more information."
Lakeside-Milam Recovery Center (Bellevue),Alcohol and Drug Information School,(425) 452-8343,275 118th Ave S.E. Suite 100,Bellevue,98005-,,"Alcohol and Drug Information School, DUI Assessment, Intensive Outpatient, Outpatient, CARF Accredited"
Lakeside-Milam Recovery Center - Eastlake (Seattle),Alcohol and Drug Information School,(206) 341-9373,2815 Eastlake Avenue Ea Suite 100,Seattle,98102-,,"Branch of Lakeside-Milam Recovery Centers, Inc. Alcohol and Drug Information School, DUI Assessment, Intensive Outpatient, Outpatient, CARF Accredited, Online Reporting"
La Esperanza Health Counseling Services,Alcohol and Drug Information School,(206) 306-2690,916 North 143rd Street Suite A,Seattle,98133-,,"Alcohol and Drug Information School, DUI Assessment, Intensive Outpatient, Outpatient, Spanish"
Korean Community Counseling Center,Alcohol and Drug Information School,(206) 784-5691,302 North 78th Street,Seattle,98103-,,"Alcohol and Drug Information School, Focus on: Korean, DUI Assessment, Focus on: Korean, Intensive Outpatient, Focus on: Korean, Outpatient, Focus on: Korean, Pregnant and Post-Partum, Online Reporting"
King County RSN,Mental health crisis line,,,,,,Mental health crisis line
Divorce Lifeline,,(206) 694-5700,433 Minor Ave N.,Seattle,98109-,,
"King County Mental Health, Chemical Abuse and Dependency Services",Crisis and Commitment Services,(206) 296-5213,,Seattle,,,"Crisis and Commitment Services (206) 296-5296, Assessment Center (206) 296-7604, Emergency Services Patrol (206) 205-1076, Dutch Shisler Sobering Center (206) 205-1080"
Northwest Counseling Institute,,(206) 324-6115,1600 E. Olive St.,Seattle,98122-,,
Pacmed Clinics - Administration,Primary care clinics,(206) 505-1101,"1101 Madison St Suites 301, 400",Seattle,98104-,http://www.pacificmedicalcenters.org,"Primary care clinics; provide preventive health care, internal medicine, family practice, and general primary health services including women's health care. Low-Cost/Sliding-Scale/Negotiable"
Pacmed Clinics - Administration,Primary care clinics,(206) 326-2400,1200 12th Ave S,Seattle,98144-,http://www.pacificmedicalcenters.org,"Primary care clinics provide preventive health care, internal medicine, family practice, and general primary health services including women's health care. Low-Cost/Sliding-Scale/Negotiable"
Pacmed Clinics - Administration,Primary care clinics,(425) 227-3700,601 S Carr Rd,Renton,98055-,http://www.pacificmedicalcenters.org,"Primary care clinics; provide preventive health care, internal medicine, family practice, and general primary health services including women's health care. Low-Cost/Sliding-Scale/Negotiable"
Pacmed Clinics - Administration,Primary care clinics,(425) 814-5000,12910 Totem Lake Blvd Suite 101,Kirkland,98034-,http://www.pacificmedicalcenters.org,"Primary care clinics; provide preventive health care, internal medicine, family practice, and general primary health services including women's health care. Low-Cost/Sliding-Scale/Negotiable"
"Pacific Northwest Treatment Services, LLC",Alcohol and Drug Information School,(425) 641-1999,1050 140th Avenue N.E. Suite G,Bellevue,98005-,,"Alcohol and Drug Information School, DUI Assessment, Intensive Outpatient, Outpatient"
Overlake Hospital Medical Center - Senior Care - Bellevue,Primary care clinic,(425) 688-5234,1750 112th Ave NE Suite A101,Bellevue,98004-,http://www.overlakehospital.org,"Provides primary care clinic offers care by a multi-disciplinary team, including physician, social worker and pharmacist."
Odessa Brown Clinic,,(206) 987-7225,Odessa,,,,
Northwest Treatment Associates,Treatment of sex offenders and shoplifters,(206) 283-8099,315 W. Galer,Seattle,98119-,,"This organization specializes in treatment of sex offenders and shoplifters. They treat mostly adults, but sometimes will see 17 - 18 year olds."
Morgan Counseling Service (MCS),,(425) 430-9548,140 Rainier Ave S. Suite 103,Renton,98055-,,
Northwest Family Life Organization,Counseling for personal and family issues,(206) 363-9601,1015 NE 113th,Seattle,98125-,http://www.northwestfamilylife.org,Offers counseling for a variety of personal and family issues including those created by domestic violence or abuse.
Motivations,Alcohol and Drug Information School,(425) 481-2112,17311 135th Avenue N.E Suite C-400,Woodinville,98072-,,"Alcohol and Drug Information School, DUI Assessment, Intensive Outpatient, Outpatient"
Northshore Youth and Family Services,Youth Services,(425) 485-6541,10309 N.E. 185th Street,Bothell,98011-,,"Outpatient, Focus on: Youth"
Northshore Stars Program,Adult & Youth Services,(425) 489-6028,18315 Bothell,Bothell,98011-,,"ADATSA Assessment Center, Focus on: Adult; Alcohol and Drug Information School, Focus on: Youth; DUI Assessment, Focus on: Youth; Intensive Outpatient, Focus on: Youth; Outpatient, Focus on: Youth; Youth"
North Helpline,Healthcare,(206) 365-8043,12707 30th Ave NE,Seattle,98125-,http://www.northhelpline.org,Walk-in clinic offers free health care to those with low income and no health insurance.
North Bend Family Clinic,Healthcare,(425) 888-5511,406 Main Ave S,North Bend,98045-,,"Offers treatment of acute and chronic illnesses; physical exams, immunizations; Serves community and Snoqualmie Indian Tribe."
Newlife Family Services,Korean & Asian Services,(253) 223-3149,33919 Ninth Av,Federal Way,98003-,,"Alcohol and Drug Information School, Focus on: Korean and Asian; DUI Assessment, Focus on: Korean and Asian; Intensive Outpatient, Focus on: Korean and Asian; Outpatient, Focus on: Korean and Asian; Youth"
National Traffic Safety Institute (NTSI),Adult Services,(425) 369-9000,15 - 1st Ave N.W.,Issaquah,98027-,,"National Training Systems Institute Div., N.W. Regional Office; Alcohol and Drug Information School, Focus on: Adult"
National Multiple Sclerosis Society,Support & Education,(800) 344-4867,192 Nickerson Street Suite 100,Seattle,98109-,http://www.nationalmssociety.org,Information and referral; Public education; Support groups (Find local chapters); Volunteer Opportunities
Nar-Anon Family Groups of Greater Seattle/Puget Sound,Drug Abuse Support,(206) 626-7171,P.O. Box 30651,Seattle,98103-,,"The Nar-Anon Family groups, a non-profit self-help group is dedicated to offering support to family members and friends of those involved in drug abuse."
King County Emergency Service Patrol,Emergency Services,(206) 205-1076,1930 Boren Avenue,Seattle,98121-,,King County MHCADS Emergency Service Patrol
"Northwest Resources II, Inc. - Des Moines",Alcohol & Drug Services,(206) 824-9273,22620 7th Avenue South,Des Moines,98198-,,Alcohol and Drug Information School; DUI Assessment; Intensive Outpatient; Outpatient
Fairfax Hospital Addiction Recovery Treatment Services,Addiction Treatment,(425) 821-2000,10200 N.E. 132nd Street,Kirkland,98034-,,"Additional treatment services available for adults and adolescents: Intensive Outpatient; Outpatient; Adult and Adolescent Acute Detoxification, # of Beds: 6; Intensive Inpatient, Adult and Adolescent, # of Beds: 12; Sub-Acute Detoxif"
King County District Court Probation - Issaquah Office,Legal Services,(206) 205-1736,5415 220th Avenue S.E.,Issaquah,98027-,,Branch of King County District Court; DUI Assessment
Harborview Medical Center - West Clinic,Healthcare,(206) 731-5865,"325 9th Ave, 3rd",Seattle,98104-,http://www.harborview.org,"Offers diagnosis and treatment of routine health problems, preventative medical care, lab work and social work and drug counseling for patients of the clinic. Comprehensive primary health care for seniors, adults, teens and children"
"King County Mental Health, Chemical Abuse and Dependency Services",Mental Health & Addiction Services,(206) 205-1312,821 - 2nd Avenue Suite 610,Seattle,98104-,,
Group Health BHS - Detox Residential Unit,Healthcare,(425) 883-5151,2700 152nd Avenue N.E.,Redmond,98052-,,"Branch at Redmond Eastside Group Health Hospital; Acute Detoxification, # of Beds:5; Intensive Inpatient, # of Beds:8; Outpatient; JCAHO Accredited"
Genesis House,Residential Treatment,(206) 328-0881,621 34th Avenue,Seattle,98122-,,"Long-Term Residential, # of Beds: 34; Pregnant and Post-Partum; Online Reporting"
Future Visions - Auburn,Rehabilitation Services,(253) 735-2718,"620 ""M"" Street N.E. Suite 2",Auburn,98002-,,Alcohol and Drug Information School; DUI Assessment; Intensive Outpatient; Outpatient
Friends of Youth,Youth Support,(425) 392-6367,414 Front Street North,Issaquah,98052-,,"Issaquah Youth and Family Program; Youth DUI Assessment, Co-Occurring Disorder Outpatient"
Harborview Medical Center - Pioneer Square Medical Clinic,Healthcare,(206) 521-1750,206 3rd Ave S,Seattle,98104-,http://www.harborview.org,"Provides primary health care, including HIV screening; On-site psychiatrist, mental health counseling; Serves downtown residents and homeless individuals; Low-Cost/Sliding-Scale/Negotiable"
Family Services,Family Support,(206) 461-3883,615 2nd Ave,Seattle,98101-,http://www.famliy-services.org,
Harborview Medical Center - International Medicine Clinic,Healthcare,(206) 731-4192,"2 West Clinic 325 9th Ave, Gr",Seattle,98104-,http://www.harborview.org,"Offers comprehensive health care services for refugees and immigrants, ages 16 and older; Low-Cost/Sliding-Scale/Negotiable"
Exodus - Youth,Youth Rehabilitation,(425) 831-2624,Echo Glen Children's Cen 33010 S.E. 99th,Snoqualmie,98065-,,"Intensive Inpatient, Focus on: Incarcerated Youth, # of Beds: 12; Youth"
Evergreen Treatment Services - Unit 3 - Mobile Van Program,Opiate Dependency Treatment,(206) 223-3644,1700 Airport Wy S.,Seattle,98134-,,Adult Opiate Dependency Treatment
Evergreen Treatment Services - Unit 2,Opiate Dependency Treatment,(206) 903-1898,1740 Airport Way South,Seattle,98134-,,"Branch of Evergreen Treatment Services; Adult Opiate Dependency Treatment, Adult Outpatient, Adult, Drugs and PPW Pregnant and Post-Partum; Online Reporting"
Evergreen Treatment Services - Unit 1,Opiate Dependency Treatment,(206) 223-3644,1700 Airport Way South,Seattle,98134-,,"Opiate Dependency Treatment, Outpatient, Online Reporting"
Epilepsy Foundation of Washington,Health Information & Support,(800) 752-3509,"3800 Aurora North, Suite",Seattle,98103-,http://www.epilepsyfoundation.org/washington,Information and referral; Support groups
Enumclaw Medical Center,Healthcare,(360) 825-6511,3021 Griffin Ave,Enumclaw,98022-,http://www.fhshealth.org,"Primary care clinic offers family practice, general surgery, internal medicine, gastroenterology, obstetrics and gynecology; Low-Cost/Sliding-Scale/Negotiable"
Emmanuel Counseling and Educational Services,Faith-Based Counseling,(206) 417-2222,12508 Lake City Way N. Suite 220,Seattle,98125-,,"Faith-Based Alcohol and Drug Information School, Faith-Based DUI Assessment, Faith-Based Intensive Outpatient, Faith-Based Outpatient"
Eastside Recovery Center - Bellevue,Rehabilitation Services,(425) 747-7892,1412 140th Plac,Bellevue,98007-,,ADATSA Assessment Center; Alcohol and Drug Information School; DUI Assessment; Intensive Outpatient; Outpatient; Pregnant and Post-Partum; CARF Accredited; Online Reporting
Fetal Alcohol Syndrome Hotline,Health Hotline,(206) 526-2522,,Seattle,,,
HIV / AIDS Program,Healthcare,(206) 205-7837,2124 4th Ave. 4th Floor,Seattle,98121-,http://www.metrokc.gov-health-apu,"Monday through Friday 8:00am - 5:00pm; Assessment Clinic, physical exams and counseling to identify and reduce risk of AIDS. They provide anonymous antibody testing, information line staffed daily to answer questions about AIDS and listen and provi"
King County Department of Adult and Juvenile Detention - Community,Detention Healthcare,(206) 296-1085,King County Correctiona 500 5th Ave,Seattle,98104-,http://www.metrokc.gov/dad/Seattle.htm,"Coordinates and provides medical, dental and mental health care services for inmates; Low-Cost/Sliding-Scale/Negotiable"
King County Department of Adult and Juvenile Detention - Community,Detention Healthcare,(206) 205-2435,Regional Justice Center - 620 W James St,Kent,98032-,http://www.metrokc.gov/dad/Seattle.htm,"Coordinates and provides medical, dental and mental health care services for inmates; Low-Cost/Sliding-Scale/Negotiable"
Kent Youth and Family Services,Youth Assistance,(253) 859-0300,232 South 2nd Avenue Suite 201,Kent,98032-,,"Intensive Outpatient, Outpatient, Focus on: Youth, Online Reporting"
Kang Wen Clinic,Healthcare Services,(206) 322-6945,1111 Harvard Ave,Seattle,98122-,http://www.kangwenclinic.org,"Offers low-cost complementary medical services for HIV/AIDS referrals. Payment options: Free, low-cost/sliding-scale/negotiable."
International Community Health Services - International District Clinic,Healthcare Services,(206) 788-3700,3815 S Othello St 2nd Floor,Seattle,98118-,http://www.ichs.com,"Offers comprehensive primary care, including immunizations and other preventative health services; focus on Asian/Pacific Islanders. Low-Cost/Sliding-Scale/Negotiable"
International Community Health Services - International District Clinic,Healthcare Services,(206) 461-3235,720 8th Ave S Suite 100,Seattle,98104-,http://www.ichs-seattle.org,"Offers diagnosis and treatment of illness and injuries, dental care, and referrals and advocacy. Provides teen clinic. Focus on Asian/Pacific Islanders. Low-Cost/Sliding-Scale/Negotiable"
Guardian Recovery Program,Substance Abuse Assistance,(206) 545-0597,4812 Aurora Avenue Nor,Seattle,89103-,,"DUI Assessment, Outpatient"
King County District Court - Seattle Office,Legal Assistance,(206) 296-3599,E-310 King County Court 516 3rd Avenue,Seattle,98104-,,DUI Assessment
King County District Court - Kent Office,Legal Assistance,(206) 205-5387,Branch of King Co. Dist. 1210 South Cent,Kent,98032-,,DUI Assessment
Hopelink - Bellevue,Healthcare Services,(425) 828-4304,14812 Main St,Bellevue,98007-,http://www.hope-link.org,"Walk-in clinic offers free health care to those without income, health insurance. Pays for prescriptions at Bartell Drug Store (Crossroads)."
Intercept Associates,Substance Abuse Assistance,(253) 941-7555,30620 Pacific Highway S Suite 107,Federal Way,98003-,,"Alcohol and Drug Information School, DUI Assessment, Intensive Outpatient, Outpatient"
Highline Addiction Recovery Center / Highline Medical Center,Substance Abuse Assistance,(206) 242-2660,12844 Military Road Sou,Tukwila,98168-,,"Additional treatment services available: Outpatient, Acute Detoxification, Focus on: Adult, # of Beds: 6, Alcohol and Drug Information School, DUI Assessment, Intensive Inpatient, Focus on: Adult, # of Beds: 18, Intensive Outpatient, JCAHO Accredited"
Highline - West Seattle Mental Health Center (West Campus),Mental Health Services,(206) 439-2560,West Campus Main Facil 2600 S.W Holde,Seattle,98126-,,"DUI Assessment, Focus on: Co-Occurring Disorder, Intensive Outpatient, Focus on: Co-Occurring Disorder, Outpatient, Focus on: Co-Occurring Disorder, Online Reporting"
King County District Court - Shoreline Office,Legal Assistance,(206) 296-3541,18050 Meridian Avenue,Seattle,98133-,,"Branch of King County District Court, DUI Assessment"
Highline - West Seattle Mental Health Center (Burien),Mental Health Services,(206) 439-2550,1010 South 146th Street,Seattle,98168-,,"DUI Assessment, Intensive Outpatient, Focus on: CD and CODS, Outpatient, Focus on: CD and CODS, Online Reporting"
Health Information Network,Health Information Services,(206) 784-5655,P.O. Box 30762,Seattle,98103-,http://www.healthinfonetwork.org,"Provides health education, community resource information, and referral in King County, focusing on sexually transmitted diseases, and targeting HIV/AIDS. Monday through Friday 9:00am - 5:00pm"
Harborview Medical Center NW Trauma Center,Healthcare Services,(206) 731-3000,325 9th Avenue,Seattle,98104-,,"A County Hospital providing all general medical and surgical services including air lifts, a psychiatric ward, an emergency/trauma center, a dental clinic, an AIDS clinic, Regional Epilepsy Center, Viral Disease Clinic, Herpes Hotline. 24-hour"
Harborview Medical Center Addictions Program,Substance Abuse Assistance,(206) 744-9690,401 Broadway Avenue,Seattle,98104-,,"Harborview Mental Health Services, Outpatient Programs, ADATSA Assessment Center, Focus on: Adult, DUI Assessment, Focus on: Adult, Intensive Outpatient, Focus on: Adult, Outpatient, Focus on: Adult"
Harborview Medical Center - Senior Care Clinic,Healthcare Services,(206) 731-4191,"West Clinic 325 9th Ave, 4th",Seattle,98104-,http://www.harborview.org,Provides outpatient care for adults 65 years of age or older. Resources Support Groups
AA - Totem Lake Group,Support Group,,Lake WA Christian Chur 12325 116th Av,Kirkland,WA,,"Every Sunday @ 8:00 PM, 90 minute meetings; non-smoking"
AA - Junction Lunch Bunch,Support Group,,Counseling Center 4700 42nd Ave,Seattle,WA,,"Tuesday & Thursday @ 12:00 PM, Non-Smoking, Wheelchair Accessible, Wheelchair Accessible Parking & Bathroom, Open"
AA - Keep Coming Back,Support Group,,Magnolia Baptist Church 4202 34th Ave,Seattle,WA,,"Wednesday @ 7:00 PM, 1 hr, Non-Smoking, Discussion format, Wheelchair Accessible, Wheelchair Accessible Bathroom, Varied topics, Open"
AA - Just For Today,Support Group,,"Ballard Hosp., Conf. Rm. 5409 Barnes N",Seattle,WA,,Every Sunday 9:00 AM Open To Public
AA - Junction Men's Group,Support Group,,Holy Rosary Church 4139 42nd SW,Seattle,WA,,Every Friday 8:00 PM Non-Smoking Men's Open
AA - The Old Hall II,Support Group,(253) 939-6541,South King County Alan 1317 Harvey Rd,Auburn,980,www.southkingalano,"Everyday @ 3:30 PM, Non-Smoking, Wheelchair Accessible, Wheelchair Accessible Bathroom and Parking, Open"
AA - Tuesday Night Starters,Support Group,,"Kirkland Congregational 106 5th Ave, Ro",Kirkland,WA,,"Every Tuesday @ 7:30 PM, 90 minute meetings; closed to the public, non-smoking, Meets in room 23 upstairs"
AA - Two-Fers Group,Support Group,,Grace Lutheran Church 22975 24th Ave,Des Moines,WA,,"Saturday @ 7:30 PM, Couples Meeting, Open"
AA - Tukwila Step by Step Group,Support Group,,Foster-Tukwila Presbyter 14401 56th Ave,Seattle,9816,,"Every Monday @ 7:00 PM, 90 minute meetings; Non-smoking, children welcome, discussion, babysitting services, 12 and 12, Steps and Traditions, wheelchair accessibilty, wheelchair accessible parking and restrooms"
AA - Tukwila Early Birds Meeting,Support Group,,IHOP Restaurant 610 Rainier Ave,Renton,980,,"Every Monday through Friday @ 6:30 AM, 1 hour meetings, non-smoking, restaurant/food, wheelchair accessibilty, wheelchair accessible parking and restrooms, open to the public, various topics, discussions"
AA - Keeping It Simple Survivors,Support Group,,Counseling Center 4700 42nd Ave,Seattle,WA,,"Monday & Friday @ 5:00 PM, Non-Smoking, Wheelchair Accessible, Wheelchair Accessible Bathroom, Closed"
AA - Totem Pole Group,Support Group,,Central Luthran Church 1710 11th Ave,Seattle,WA,,"Every Saturday 7:00 PM 90 min Non-Smoking, Discussion, Topics Varied, Native American"
AA - Timberlane Lake Sawyer Christian C,Support Group,,31605 Lake Saw,Black Diamond,WA,www.district33aa.org,"Every Thursday @ 7:30 PM, 90 minute meetings; non-smoking, discussions, various topics, wheelchair accessible/parking/restrooms, open to the public"
AA - Upon Awakening,Support Group,,Henry Switch Restaurant 25400 Witte Rd.,Maple Valley,W,www.district33aa.org,"Every Sunday @ 10:00 AM, 90 minute meetings, Children welcome, discussion, wheelchair accessible facilities (parking/restrooms), open to the public, Located in the Lake Wilderness Golf Course"
AA - The Solution Group,Support Group,,Ballard First Lutheran Ch 2006 NW 65th S,Seattle,9811,,"Every Tuesday 8:00 Pm 90min, Non-Smoking, No Children, Wheelchair Accessible, Parking, Restroom. Big Book, Closed to Public. Last Tuesday 8:00 PM Same Only Change is Anniversary/Birthdays Added"
AA - Vashon 12&12,Alcoholics Anonymous,(null) 939-6541,17708 Vashon H,Vashon,980,,"Every Wednesday 7:30 PM Non-Smoking, Discussion Book/Literature Study, Open."
AA - The Fourth Dimention,Alcoholics Anonymous,,Gift of Grace Church 40th St &Meridi,Seattle,WA,,Every Wednesday 8:00 PM. Closed to Public
AA - Tacoma Survivors AA,Alcoholics Anonymous,(253) 939-6541,1317 Harvey Rd,Auburn,WA 980,www.southkingalano,"Friday @ 7:00 PM, 90 min., Non-Smoking, Discussion, Wheelchair Accessible, Wheelchair Accessible Bathroom and Parking, Other Specialty, Varied Topics, Closed"
AA - T.G.I.F. 12 x 12 Fellowship,Alcoholics Anonymous,,23732 Bothell-E,Bothell,WA 980,,Every Friday @ 5:00 PM Open to the public
AA - Sweet Surrender,Alcoholics Anonymous,,St. George's Episcopal Ch 24219 Witte Roa,Maple Valley,W,www.district33aa.org,"Every Tuesday @ 7:30 PM 90 minute meetings Non-smoking, discussions, wheelchair accessible facilities (parking/restrooms), closed to the public, various topics"
AA - Southside Breakfast,Alcoholics Anonymous,,Emerald Green Restauran 13100 48th Ave,Tukwila,WA 98,,"Sunday @ 9:30 AM, Restaurant/Food, Open"
AA - Southend Women's Group,Alcoholics Anonymous,,Riverton Park United Met 3118 S 148th St,Tukwila,WA 98,,"Thursday @ 5:30 PM, Non-Smoking, Women's, Closed"
AA - Southend Tuesday Too,Alcoholics Anonymous,,Little Pat's Café 13611 Ambaum,Burien,WA 9816,,"Tuesday @ 11:30 AM, Restaurant/Food, Open"
AA - Southend Fellowship Group,Alcoholics Anonymous,,SouthEnd Fellowship 321 3rd Ave S,Kent,WA 98032,,"1 block South of Kent Police Station All meetings are non-smoking, wheelchair accessible with parking for wheelchair users. All meetings are open to the public, unless otherwise noted. Everyday @ 10:00 AM 90 minute meetings; discussions, various topics"
AA - Thursday Night Live,Alcoholics Anonymous,,St. Elizabeth's Church 1005 SW 152nd,Burien,WA 9816,,"Thursday @ 7:30 PM, Open"
AA - West Seattle 12 & 12,Alcoholics Anonymous,,St. John's Episcopal Chur 4210 SW Hanfor,Seattle,WA,,"Every Thursday @ 7:00 PM, Non-Smoking, Closed"
AA - Women In Action,Alcoholics Anonymous,,Maple Valley Presbyteria 22659 Sweeney,Maple Valley,W,www.district33aa.org,"Every Monday @ 7:00 PM 90 minute meetings; Non-smoking, discussions, wheelchair accessible facilities (parking/restrooms), closed to the public, women's meeting, Big Book"
AA - White River Group,Alcoholics Anonymous,,"St. Matthew's Episcopal 123""L""StNE",Auburn,WA 980,,"Thursday @ 8:00 PM, Non-Smoking, Wheelchair Accessible, Wheelchair Accessible Bathroom and Parking, Closed"
AA - White Center Breakfast,Alcoholics Anonymous,,Magic Lanes Bowling SW 106th & 15t,White Center,W,,"Every Saturday 8:00 AM Wheelchair Accessible, Wheelchair Accessible Parking, Open."
AA - White Center St James Lutheran Churc,Alcoholics Anonymous,,9415 18th SW,White Center,W,,"Every Sunday 8:00 PM Non-Smoking, Closed. Every Thursday 8:00 PM Non-Smoking, Open"
AA - Whisky Rose Group,Alcoholics Anonymous,,Renton Methodist Church 2201 NE 4th St,Renton,WA 980,,"Every Tuesday @ 6:30 PM 1 hour long; non-smoking, wheelchair accessibilty, wheelchair accessible parking and restrooms, closed to the public, discussions, Al-Anon meeting at the same time/location, Alateen meeting at the same time/location Big Book"
AA - Westside Story WINTER (Oct - May),Alcoholics Anonymous,,Spuds Restaurant 2666 Alki Ave S,Seattle,WA,,"Sunday @ 10:00 AM, Non-Smoking, Open"
AA - Westside Story SUMMER (April-Sept),Alcoholics Anonymous,,On Alki Beach across fro,Seattle,WA,,"Sunday @ 10:00 AM, Smoking/Non-Smoking Mixed, Wheelchair Accessible, Wheelchair Accessible Parking & Bathroom, Open"
AA - Up The Creek,Alcoholics Anonymous,,Catholic Church 2316 180th St S,Bothell,WA 980,,"Every Thursday @ 6:30 PM 90 minute meetings Non-smoking, open to the public"
AA - West Seattle Breakfast,Alcoholics Anonymous,,Corner Inn 6459 California,Seattle,WA,,"Every Sunday 8:00 AM Wheelchair Accessible, Open."
West Seattle Unit,,(206) 933-3402,6335 35th Ave SW,Seattle,WA 9812,,CCO_King_County_Seattle_South_King
AA - Wednesday Night Womens Group,Alcoholics Anonymous,,Church of Christ 30012 Military,Federal Way,WA,,"Wednesday @ 7:30 PM, Non-Smoking, Wheelchair Accessible, Wheelchair Accessible Parking and Bathroom, Women's, Open"
AA - Wednesday Night of Your Life,Alcoholics Anonymous,,King County Sheriff's Off 22300 SE 231st,Maple Valley,W,www.district33aa.org,"Every Wednesday @ 7:30 PM 90 minute meetings; non-smoking, smoke/friendship break, discussions, wheelchair accessible facilities (parking/restrooms), Big Book, open to the public"
AA - Water's Edge West Meridian,Alcoholics Anonymous,,2501 N Northlak,Seattle,WA,,"Everyday @ 7:00 AM, 1 hr, Non-Smoking, Discussion format, Varied topics, Open"
AA - Vista Group,Alcoholics Anonymous,253-833-6783,Reality Center 632 W Main St,Auburn,WA 980,,"Every meeting is Non-Smoking, Wheelchair Accessible, Wheelchair Accessible Bathroom, and Open Sunday @ 2:00 PM Monday - Friday @ 12:00 PM & 5:00 PM Saturday @ 10:00 AM, 2 hrs., Step Study Saturday @ 1:00 PM Sunday @ 5:00 PM, Women's Saturday @ 5:00 PM, Ne"
AA - Vietnamese AA Treatment Services,Alcoholics Anonymous,,#106 24823 Pacific H,Kent,WA 98032,,"Sunday @ 5:00 PM, Non-Smoking, Open Saturday @ 5:00 PM, Open"
AA - Vashon Vineyard,Alcoholics Anonymous,,Episcopal Church 15420 Vashon H,Vashon,WA 980,,"Every Sunday 7:00 PM Non-Smoking, Discussion, Wheelchair Accessible, Wheelchair Accessible Parking, Wheelchair Accessible Bathroom, Open"
AA - Vashon On Awakening,Alcoholics Anonymous,,Presbyterian Church 17708 Vashon H,Vashon,WA 980,,"Every Sunday/Saturday 7:30 AM Every Monday -Friday 6:30 AM Non-Smoking, Discussions, Open, Daily Reflections"
AA - Vashon Group,Alcoholics Anonymous,,Episcopal Church 15420 Vashon H,Vashon,WA 980,,"Every Monday 7:30 PM Non-Smoking, Discussion Wheelchair Accessible, Wheelchair Accessible Parking, Wheelchair Accessible Bathroom, Book/Literature Study, Open."
AA - West Sides 90 Minute Tune,Alcoholics Anonymous,,Seaview Methodist Churc 4620 Graham S,Seattle,WA 9813,,"Sunday @ 8:00 AM, 90 min, Non-Smoking, Wheelchair Accessible, Open"
NA - Kent,Narcotics Anonymous,(253) 372-6440,606 W Gowe Street,Kent,WA 98032,,Step White house next to the church.
NA - Saint John's Lutheran Church,Narcotics Anonymous,,5515 Phinney Avenue No,Seattle,WA 9811,,"Sunday @ 7:00 PM - Non-smoking, discussion/participation, literature study Thursday @ 7:00 PM - Women, discussion/participation, children welcome"
Saint Columba's Episcopal Church,NA,,26715 Military Road Sou,Kent,98031,,"Wheelchair accessible, Thursday @ 7:30 PM - Discussion/participation"
Ronald United Methodist Church,NA,,17839 Aurora Avenue No,Seattle,9813,,"Wheelchair accessible, Monday @ 9:30 AM - Non-smoking, discussion/participation"
Recovery House,NA,,302 4th Street North East,Auburn,980,,"Wheelchair accessible, Friday @ 7:00 PM"
Reality Center,NA,,632 West Main Street,Auburn,980,,"Wheelchair accessible, Sunday @ 10:00 AM - Women, Sunday @ 5:00 PM - Basic Text, Sunday @ 7:30 PM, Monday @ 12:00 (Noon), Monday @ 5:00 PM, Monday @ 7:30 PM, Tuesday @ 10:30 AM, Tuesday @ 5:00 PM - Discussion/participation, Tuesday @ 7:30 PM, Wednesday @ 10:00 AM -"
Rainier Valley Community Center,NA,,4600 38th Avenue South,Seattle,9811,,"Tuesday @ 7:15 PM - Non-smoking, discussion/participation"
Our Savior's Lutheran Church,NA,,158 South 168th Street,Burien,9814,,"Wheelchair accessible, Monday @ 7:30 PM - Step, non-smoking"
Olympic View Church,NA,,425 NE 95th Street,Seattle,9811,,"Wheelchair accessible, Monday @ 7:30 PM - Non-smoking, men"
New Hope Lutheran Church,NA,,603 Third Avenue South Meeting Room,Pacific,980,,"Wheelchair accessible, Thursday @ 7:00 PM - Discussion/participation"
Matt Talbot Center,NA,,2313 3rd Ave,Seattle,9812,,"Wednesday @ 12:15 PM, Saturday @ 8:00 PM - Discussion/participation"
Las Brisas del Mar,NA,,501 South Sullivan #5,Seattle,9810,,"Wheelchair accessible, Friday @ 7:00 PM - Non-smoking, discussion/participation, Spanish"
Saint Paul's United Church of Christ,NA,,6512 12th Avenue NW,Seattle,9811,,"Wheelchair accessible, Monday, Thursday @ 7:00 PM  - Non-smoking, children welcome, Step, Tradition, Sunday, Monday, Tuesday, Wednesday, Thursday, Friday @ 6:00 PM, Saturday @ 5:00 PM"
Kirkland Covenant Church,NA,,106 5th Avenue,Kirkland,98,,"Wednesday @ 7:30 PM - Non-smoking, discussion/participation"
Salvation Army Adult Rehabilitation Center,NA,,1020 4th Avenue South,Seattle,9813,,"Tuesday @ 8:00 PM - Non-smoking, discussion-participation"
Kenmore Community Church,NA,,7504 Northeast Bothell,Kenmore,98,,"Wheelchair accessible, Thursday @ 7:30 PM - Discussion/participation"
Jefferson Terrace Apartments,NA,,800 Jefferson Street,Seattle,9810,,"Wheelchair accessible, Thursday @ 7:30 PM - Discussion/participation, gay & lesbian, Beginner & Newcomer,"
Java Zone,NA,,7811 Aurora Avenue Nor,Seattle,9810,,"Sunday and Saturday @ 12:30 PM - Non-smoking, discussion/participationAll week  @ 8:00 PM - non-smoking, discussion/participationMonday through Friday @ 12:00 (Noon) - non-smoking, discussion/participationFriday @ 8:00 PM - Non-smoking, speaker"
IHOP (International House of Pancakes),NA,,1044 Supermall Way,Algona,980,,"Monday @ 7:00 PM - Men, closed to the public"
Highline Community Hospital,NA,,12844 Military Road Sou,Tukwila,98,,"Wheelchair accessible, Sunday @ 7:00 PM - Discussion/participation"
Group Health Hospital,NA,,2700 152nd Avenue Nort,Redmond,9,,"Wheelchair accessible, Friday @ 8:00 PM - Discussion/participation"
Grace Lutheran Church,NA,,22975 24th Avenue Sout,Des Moines,null,,"Friday @ 7:30 PM - Step, Non-smoking"
Glen Kunz W.R.E.C.K. Center,NA,,26512 NE Stella,Duvall,9801,,"Tuesday @ 8:15 PM - Non-smoking, discussion/participation"
Fremont Baptist Church,NA,,717 North 36th Street,Seattle,9810,,"Monday @ 12:00 (Noon) - Non-smoking, Tuesday @ 8:00 PM - Non-smoking, Wednesday @ 12:00 (Noon) - Non-smoking, Friday @ 12:00 (Noon) - Non-smoking, Saturday @ 7:00 PM - Non-smoking, discussion/participation"
First United Methodist Church,NA,,1934 108th Avenue Nort Downstairs,Bellevue,98,,Monday @ 8:00 PM
Faith Lutheran Church,NA,,9041 166th Avenue Nort,Redmond,9,,"Tuesday @ 7:30 PM - Non-smoking, discussion/participation"
Evergreen Treatment Center,NA,,1700 Airport Way South,Seattle,9813,,"Wednesday @ 9:30 AM - Non-smoking, discussion/participation"
Lake City Community Center,NA,,12531 28th Avenue NE,Seattle,9812,,"Sunday @ 7:00 PM - Non-smoking, discussion/participation"
University Baptist Church,NA,,4554 12th Avenue NE 2nd Floor,Seattle,9810,,"Wednesday @ 8:00 PM - Non-smoking, Step, Tradition"
By The Book Group St. Patrick's Church,AA,,2702 Broadway,Seattle,9810,,Every Sunday 8:00 PM Open To Public.
South End Vietnam Vet,AA,(253) 939-6541,1317 Harvey Rd,Auburn,980,www.southkingalano,"Tuesday, Thursday, & Saturday @ 7:00 PM, Non-Smoking, Wheelchair Accessible, Wheelchair Accessible Bathroom and Parking, War Veteran, Closed"
Southeast Seattle Unit,,(206) 720-3128,851 Poplar Place South,Seattle,9814,CCO_King_County_Seattle_Southeast_,
South King County Intake Unit,,(206) 254-4800,1516 2nd Ave. 2nd Floor,Seattle,9810,CCO_King_County_Seattle_OMMU.png,
Seattle OMNU,,(206) 254-4830,1516 2nd Ave. 2nd Floor,Seattle,9810,CCO_King_County_Seattle_OMMU.png,
Seattle Metro Unit,,(206) 516-7600,1550 4th Ave. South,Seattle,9813,,
King,,(206) 516-7600,1550 - 4th Ave. South,Seattle,9813,,"NA - Youth Services 606 Maynard Avenue S Suite 108 Seattle, WA 9810 Information: NA discussion/participation Youth Saturday @ 8:00 PM"
King,,(425) 277-7202,1107 SW Grady Way Su,Renton,980,,"NA - Westminster Presbyterian Church1729 Harvard Avenue Seattle, WA 9812 Information: NA Discussion & participation Thursday @ 8:00 PM"
King,,(206) 729-3326,9620 Stone Ave. N #102,Seattle,9810,,"NA - Vineyard Christian Fellowship4142 Brooklyn Avenue N Seattle, WA 9810 Information: Sunday @ 8:00 PM - non-smoking, discussion/participation"
NA - Youth Services,,,606 Maynard Avenue S Suite 108,Seattle,9810,,NA discussion/participation Youth Saturday @ 8:00 PM
NA - Westminster Presbyterian Church,,,1729 Harvard Avenue,Seattle,9812,,NA Discussion & participation Thursday @ 8:00 PM
NA - Vineyard Christian Fellowship,,,4142 Brooklyn Avenue N,Seattle,9810,,"Sunday @ 8:00 PM - non-smoking, discussion/participation"
NA - Saint Matthew's Lutheran Church,,,8330 212th Street SW,Edmonds,9,,"Monday @ 7:30 PM - Non-smoking, discussion/participation, literature study, Step Tuesday @ 7:30 PM - Step, Tradition Saturday @ 10:30 AM - Non-smoking, literature study, Step, Tradition, women"
NA - Uptown Neighborhood Center,,,157 Roy Street,Seattle,9810,,Space Needle Room NA Discussion & participation Wheelchair accessible Closed to the public Monday - Friday 7:00 AM
NA - East Shore Unitarian Church,,,12700 South East 32nd St Bldg M Room 1,Bellevue,98,,"Wheelchair accessible Sunday @ 7:00 PM - Non-smoking, discussion/participation Saturday @ 7:30 PM - Topic"
NA - United Methodist Church,,,424 Columbia Street,Seattle,9810,,Thursday @ 1:30 PM - Women Alley entrance
NA - Twin Bridges,,,1733 Belmont Avenue,Seattle,9812,,NA Discussion & participation Literature study Sunday @ 7:00 PM Tuesday @ 8:00 PM
NA - Trinity Reform Church,,,3807 Reith Road,Kent,98032,,"Thursday @ 7:30 PM - Non-smoking, Step"
NA - Trattoria Roma,,,4705 Aurora Avenue Nor,Seattle,9810,,"Sunday @ 9:30 AM - Non-smoking, discussion/participation"
NA - Timberlane Club House,,,192 Avenue Southeast,Kent,98032,,Wednesday @ 7:00 PM @ Southeast 267th St.
NA - Three Tree Community Church,,,16261 1st Ave S,Burien,9816,,"Wheelchair accessible Tuesday @ 7:30 PM - Step, Non-smoking"
NA - The Recovery Café,,,2301 2nd Avenue,Seattle,9812,,"Wednesdays & Fridays @ 7:00 PM - Non-smoking, discussion/participation Saturday @ 10:00 AM - Step, non-smoking, discussion/participation"
NA - Swedish Medical Center - Ballard,,,5300 Tallman Northwest 5th Floor,Ballard,981,,Wheelchair accessible Wednesday @ 7:30 PM - Non-smoking
NA - South King Alano Club,,,1317 Harvey Road,Auburn,980,,"Wheelchair accessible Sunday @ 11:00 AM Monday through Saturday @ 6:30 AM (Madrone) Wednesday @ 6:00 PM - Women Saturday @ 1:00 PM - Discussion/participation (Madrone) Saturday @ 10:30 PM All week @ 12:00 (Noon) - Discussion/participation, smoking All week"
NA - Seattle,,,1900 East Madison Street,Seattle,9812,,Non-smoking NA discussion/Participation Gay & lesbian Step (on Fridays) Sunday @ 12:00 (Noon) Monday @ 8:00 PM Tuesday @ 10:00 PM Thursday @ 10:00 PM Friday @ 8:00 PM Saturday @ 8:00 PM
NA - Seattle,,,3808 South Angeline Stre,Seattle,9811,,Monday @ 7:00 PM - Spanish
NA - Seattle,,,9010 13th Avenue NW,Seattle,9811,,"Friday @ 7:00 PM - Non-smoking, discussion/participation"
NA - Vashon Presbyterian Church,,,17708 Cashon Highway,Vashon Island,,,Wheelchair accessible Tuesday @ 7:00 PM - Discussion/participation Saturday @ 7:00 PM - Discussion/participation Saturday
AA - Lake Union Swedish Club,,,1920 Dexter Ave,Seattle,,,"Thursday @ 7:30 PM, 1 hr, Non-Smoking, Discussion format, Men's, Step Study, Varied topics, Closed"
AA - Steps 8 & 9,,,1st Covenant Church 400 E Pike,Seattle,WA,,"Every Thursday 8:00 PM Smoking/Friendship Break, Discussion, Topics Varied,Open To Public."
AA - Step XI,,,Glendale Lutheran Churc 13455 2nd Aven,Burien,9814,,"Monday @ 7:30 PM, Open"
AA - Step into the Light,,,"St. Alphonsus Church.,M 5816-15th Ave",Seattle,WA,,"Every Saturday 7:00 PM 90min, Non-Smoking, 12&12, Open to Public"
AA - St. Elsewhere,,,10322 NE 132nd St,Kirkland,WA,,Every Friday @ 7:30 PM 90 minute meetings; closed to the public
AA - Spring Free Transition Housing,,,935 16th Ave,Seattle,WA,,"Every Thursday 7:00 PM Non-Smoking, Discussion, Wheelchair Accessible Parking, Wheelchair Accessible Bathroom,Topics Varied,Open To PUBLIC."
AA - Spiritual Progress Seekers,,,Bethel Christian Center 414 SW 312th,Federal Way,W,,"Wednesday @ 12:00 PM, Non-Smoking, Wheelchair Accessible, Wheelchair Accessible Parking and Bathroom, Open"
AA - Spirits Group,,,12 x 12 Fellowship 23732 Bothell-E,Bothell,980,,"Every Sunday @ 10:00 AM Discussions, various topics, open to the public, wheelchair accessible parking."
AA - Spirit In Action Center for Spiritual Livin,,,18102 102nd Av,Bothell,980,,"Every Friday @ 6:30 PM Wheelchair accessible with parking and restroom facilities for wheelchair users, open to the public"
AA - Southwest Siders,,,Admiral Congregational 4320 SW Hill,Seattle,9811,,"Sunday & Wednesday @ 8:00 PM, Non-Smoking, Open"
AA - Lifeline,,,4 Square Church 14520 100th Av,Bothell,980,,"Every Tuesday @ 7:00 PM 90 minute meetings; Non-smoking, wheelchair accessible parking and restrooms, babysitting services, open to the public"
AA - Life Force 1st 164,Alcoholics Anonymous (AA),,164 PagesSt.,Seattle,9811,,"Every Monday 5:00 PM Big Book, Open To Public. Every Tue, Wed, Thur, Fri, Sat, Non-Smoking, Big Book, Open To Public."
AA - Let Go and Let God Group12 x 12 Fellowship,Alcoholics Anonymous (AA),,23732 Bothell-E,Bothell,980,,"Every Monday @ 9:00 PM Wheelchair accessible parking, open to the public At the County Village (in the back under the clock tower)"
NA - Emmanuel Lutheran Church,Narcotics Anonymous (NA),,336 2nd Avenue South,Kent,98032,,Wheelchair accessible Saturday @ 7:30 PM - Discussion/participation
AA - Language of the Heart Presbyterian Church - Bel,Alcoholics Anonymous (AA),,17708 Vashon H,Vashon,980,,"Monday - Saturday @ 12:00 PM, 1 hr, Non-Smoking, Discussion, Closed"
AA - Surrender @7 Women's GroupQueen Anne Presby Ch,Alcoholics Anonymous (AA),,5th and Howe,Seattle,,,"Tuesday @ 7:00 PM, 1 hr, Non-Smoking, Discussion format, Women's, Varied topics, Open"
AA - Lake Sawyer Men's Acceptance GroupLake Sawyer Christian C,Alcoholics Anonymous (AA),,31605 Lake Saw,Black Diamond,,www.district33aa.org,"Every Saturday @ 8:00 AM 1 hour meetings; non-smoking, discussions, wheelchair accessible/parking/restrooms, closed to the public, men's group ""Best Darn Men's Meeting in the Area!"""
AA - Korean AA Treatment Services,Alcoholics Anonymous (AA),,24823 Pacific H,Kent,98032,,"Sunday @ 9:00 AM, Non-Smoking, Open Saturday @ 9:00 AM, Open"
AA - Know God Know PeaceCovington Christian Fell,Alcoholics Anonymous (AA),,26201 180th Av,Covington,9,www.district33aa.org,"Every Tuesday @ 7:30 PM 90 minute meetings Non-smoking, smoke/friendship break, discussions, various topics, open to the public"
AA - Kirkland Thursday NitersKirkland Congregational,Alcoholics Anonymous (AA),,106 5th Ave,Kirkland,98,,Every Thursday @ 7:30 PM 90 minute meetings; closed to the public
AA - Kirkland Study Group Rose Hill Presbyterian,Alcoholics Anonymous (AA),,12202 NE 90th,Kirkland,98,,Every Saturday @ 8:00 PM 90 minute meetings; closed to the public
AA - Kirkland Sobriety HeadquartersKirkland Congregational,Alcoholics Anonymous (AA),,106 5th Ave,Kirkland,98,,Every Friday @ 7:30 PM 1 hour meeting; open to the public
AA - Kirkland Morning SerenityKirkland Congregational,Alcoholics Anonymous (AA),,106 5th Ave,Kirkland,98,,"Every Wednesday at 7:00 AM 1 hour meetings, open to the public"
AA - Kirkland Men's GroupLW United Methodist Ch,Alcoholics Anonymous (AA),,7525 132 Ave N,Kirkland,,,"Every Wednesday @ 8:00 PM 90 minute meetings, men's group, open to the public Daycare, annex rm 7,8"
AA - Kindred Spirits Rose Hill Presbyterian C,Alcoholics Anonymous (AA),,12202 NE 90th,Kirkland,98,,"Every Monday @ 6:30 PM 90 minute meetings; women's group, closed to the public, non-smoking Women only; meets in annex room closest to parking lot"
AA - Kent East Group Presbyterian Church,Alcoholics Anonymous (AA),,9425 S 248th Str,Kent,98031,,"Every Monday 8:00 PM 90min, Non-Smoking, Discussion, Wheelchair Accessible/Parking/ Restroom, Topic Varies, Closed to the Public. Every Thursday 8:00 PM 90min, Wheelchair Accessible/ Parking/Restroom, Topic Varies, Open to the Public."
AA - Kent East Group St.James Episcopal Churc,Alcoholics Anonymous (AA),,24447 94th Ave,Kent,98031,,"Every Mon, Tue, Sat, 8:00 PM 60min, Non-Smoking, Discussion, Wheelchair Accessible/Parking/Bathroom, Topic Varies, Closed to the Public"
AA - Kent Earlybirds Group253-852-9758 Southend Fellowship,Alcoholics Anonymous (AA),,321 3rd Ave S,Kent,98032-,,"Every Sunday 6:30 AM 60min, Discussion, Wheelchair Accessible/Parking, Big Book, Open to the Public. Every Mon, Tue, Wed, Thurs. Non-Smoking, Discussion, Wheelchair Accessible/Parking, Topic Varies, Open to the Public. Every Friday 6:30 AM 60min, Non-Smoki"
AA - Last Chance Woodland Park United M,Alcoholics Anonymous (AA),,302 N 78th St,Seattle,9810,,"Every Friday 7:30 PM, Non-Smoking, Al-Anon Meeting At Same Time And Location, Closed To Public. Bellevue Office (425) 649-4331 23 - 148th SE Bellevue, WA 98 CCO_King_County_Bellevue.png"
AA - Kenmore Friday NightersChurch of the Redeemer,Alcoholics Anonymous (AA),,63rd NE & NE 1,Kenmore,98,,"Every Friday @ 7:30 PM 90 minute meetings, non-smoking, closed to the public"
NA - Community Baptist Church205 Mount Park Boulevar,Narcotics Anonymous (NA),,,Issaquah,98,,"Thursday @ 7:30 PM - Non-smoking, literature study"
NA - Cherry Fellowship Hall2701 East Cherry Street,Narcotics Anonymous (NA),,,Seattle,9812,,Sunday @ 10:00 AM - discussion/participation Friday @ 8:00 PM - discussion/participation
NA - Central Lutheran Church,Narcotics Anonymous (NA),,1710 11th Avenue,Seattle,9812,,NA discussion & participation Non-smoking Literature study Monday @ 8:00 PM
NA - Bethel Lutheran Church of Shoreline,Narcotics Anonymous (NA),,17418 8th Avenue NE,Shoreline,9,,Friday @ 7:30 PM - Discussion/participation
NA - Algona Pacific Church,Narcotics Anonymous (NA),,401 Warde Street,Algona,980,,Tuesday @ 7:30 PM
NA - Alano Club Eastside Club House,Narcotics Anonymous (NA),,12302 Northeast 8th Stre,Bellevue,98,,Wheelchair accessible Tuesday @ 6:30 PM - Basic Text
NA - Admiral Congregational Church,Narcotics Anonymous (NA),,4320 Southwest Hill,Seattle,9811,,"Wheelchair accessible Thursday @ 7:00 PM - Non-smoking, discussion/participation"
NA - 1504 Club,Narcotics Anonymous (NA),,2204 South Jackson Stree,Seattle,9814,,Saturday @ 10:00 PM
NA - 12 x 12 Fellowship Hall,Narcotics Anonymous (NA),,23732 Bothell-Everett Hi,Bothell,980,,"Sunday @ 1:00 PM - Smoking Country Village, in back under clock tower, upstairs"
Kent Regional Justice Center,,(206) 296-1234,401 4th Ave. North,Kent,98032,CCO_King_County_Kent_CJC.png,
Kent Intake Unit,,(253) 372-6440,1851 Central Place S. Suite 201,Kent,98030,,
AA - Sunday Morning MagicHighline Medical Center/,Alcoholics Anonymous (AA),,12844 Military,Tukwila,98,,"Sunday @ 9:00 AM, Open Burien Office (206) 439-3760 15111 8th Ave. SW Seattle, WA 9816 CCO_King County _Seattle_Burien.png"
AA - Sunday Night Dinner,Food Assistance,(253) 931-3965,420 E. Main Street,Auburn,980,,"Sunday @ 7:00 PM, Non-Smoking, Wheelchair Accessible, Wheelchair Accessible Bathroom and Parking, Open"
AA - You Are Not Alone,Support Group,,7500 Greenwoo,Seattle,,,"Every Wednesday 5:30 PM New Comer/ Begginer, Open to Public."
AA - Woodland Park Women,Support Group,,5515 Phinney A,Seattle,9810,,"Every Wednesday 5:30 PM, Non-Smoking, Wheelchair Accessible, Parking, Women, Open to Public."
AA - Woodinville Men's Meeting,Support Group,,19008 168th Av,Woodinville,W,,"Every Monday except for 2nd @ 7:00 PM 90 minute meetings Men's group, open to the public Note: No meeting on the 2nd Monday each month"
AA - Woodinville Candlelight,Support Group,,198th & Woodin,Woodinville,W,,"Every Monday @ 7:00 PM 90 minute meetings; non-smoking, candlelight, open to the public"
AA - Women's Sobriety Today,Support Group,,10848 1st Ave S,Whiten Center,W,,"Every Friday 7:00PM, Non-Smoking, Wheelchair Accessible, Wheelchair Accessible Parking, Wheelchair Accessible Bathroom, Women's, Closed."
AA - Women's Saturday Soul Searchers,Support Group,,7500  Greenwoo,Seattle,9810,,"Every Saturday 10:00AM, Non-Smoking, Wheelchair Accessible, Parking, Restrooms., Women, Open to Public."
AA - Women's BYOBB,Support Group,,4620 SW Graha,Seattle,9813,,"Monday @ 6:30 PM, Non-Smoking, Women's, Closed"
AA - Women Stepping Out,Support Group,,12202 NE 90th,Kirkland,98,,Every Thursday @ 6:30 PM 90 minute meetings; women's group
AA - Women Living in the Solution,Support Group,,106 5th Ave,Kirkland,98,,Every Sunday @ 7:00 PM 90 minute meetings; women's group
AA - Women Learning HOW Meeting,Support Group,,22659 Sweeney,Maple Valley,W,http://www.district33aa.org,"Every Tuesday @ 6:00 PM 90 minute meetings; non-smoking, children welcome, babysitting services, women's group, open to the public"
AA - Women in Recovery,Support Group,,27225 Military,Federal Way,W,,"Thursday @ 5:30 PM, Non-Smoking, Wheelchair Accessible, Wheelchair Accessible Parking and Bathroom, Women's, Open"
NA - Echo Glen Correctional Facility,Closed Facility,,33010 SE 99th Street,Snoqualmie,WA,,Closed to the public Monday @ 7:00 PM - Discussion/participation I-90 East and Highway 18 exit.
AA - Corrupted Youth,Support Group,,15403 Ambaum,Burien,9816,,"Monday @ 7:00 PM, Young Peoples, Open Friday @ 10:00 PM, Young Peoples, Open"
AA - Diamonds in the Rough,Support Group,,6th and Lawson,Black Diamond,,http://www.district33.org,"Every Saturday @ 8:00 PM 90 minute meetings Non-smoking, smoke/friendship break, wheelchair accessible/parking/restrooms, Big Book, open to the public"
AA - Des Moines One Hour Reality Check,Support Group,,22225 9th Ave S,Des Moines,WA,,"Tuesday @ 7:00 PM, Non-Smoking, Open"
AA - Des Moines 2nd Wind,Support Group,,22975 24th Ave,Des Moines,WA,,"Thursday @ 8:00 PM, Non-Smoking, Closed"
AA - Des Moines - Midway,Support Group,,22975 24th Ave,Des Moines,WA,,"Tuesday @ 8:00 PM, Non-Smoking, Closed"
AA - Daybreak,Support Group,,14111 NE Wood,Woodinville,W,,"Every Monday, Wednesday & Friday @ 5:30 AM Non-smoking, open to the public, wheelchair accessibility with parking and restroom facilities for wheelchair users."
AA - Dawn Patrol,Support Group,,3800 SW Califor,Seattle,WA,,"Monday - Saturday @ 6:30 AM, Non-Smoking, Discussion, Wheelchair Accessible, Wheelchair Accessible Parking & Bathroom, Open"
AA - Creekside Women's,Support Group,,10322 NE 132nd St,Kirkland,WA,,Every Saturday @ 7:30 PM 90 minute meetings; closed to the public Women's group
AA - Creekside Thursdays,Support Group,,10322 NE 132nd St,Kirkland,WA,,Every Thursday @ 7:30 PM 90 minute meetings; closed to the public
AA - Creekside Men's,Support Group,,10322 NE 132nd St,Kirkland,WA,,"Every Saturday @ 7:30 PM 90 minute meetings, closed to the public Men's group"
AA - Covington Study Group,Support Group,,17310 SE 256th,Covington,9,http://www.district33aa.org,"Every Monday @ 7:00 PM Non-smoking, discussions, wheelchair accessible/parking/bathrooms, Big Book"
AA - Covington Round Table,Support Group,,17455 SE Wax,Covington,9,http://www.district33aa.org,"Every Sunday @ 7:00 PM 90 minute meetings; open to the public, Step Study, discussions"
AA - Courage to Change Group,Support Group,,1032 Edmonds,Renton,980,,"Every Tuesday @ 7:00 PM 90 minute meetings; non-smoking, discussions, wheelchair accessibility with restroom/parking for wheelchair users, open to the public, various topics."
AA - Bothell Monday Morning,Support Group,,10307 NE 183rd,Bothell,980,,"Every Monday @ 10:00 AM 90 minute meetings, discussions, wheelchair accessibility with parking and restrooms, 12 and 12, Steps and Traditions, non-smoking, Traditions"
AA - Counterbalance,Support Group,,8th West and W,Seattle,WA,,"Wednesday @ 8:00 PM, 1 hr, Non-Smoking, Discussion format, Wheelchair Accessible, Wheelchair Accessible Parking & Bathroom, Al-Anon Meeting At Same Time And Location, Stories, Closed"
AA - Doctor's Choice Group,Support Group,,275 Bronson,Renton,980,,"Every Thursday @ 7:30 PM 90 minute meetings; non-smoking, discussions, wheelchair accessibility with restroom/parking for wheelchair users, open to the public, various topics. Park behind clinic."
AA - Charter Denny Park,Support Group,,766 John St,Seattle,WA,,"All meetings are Non-Smoking, Discussion format, @ 6:30 AM, & 1 hour Monday -- Topic - Came To Believe, Closed Tuesday -- Topic - ABSI (As Bill Sees It), Open Wednesday -- Topic - Big Book, Closed Thursday -- Topic - Varied, Open Friday -- Topic - 12 and"
AA - Cascade Group,Support Group,,116th Pl SE,Renton,980,,"All meetings are 90 minutes long, have wheelchair accessibility, wheelchair accessible parking and restrooms, are non-smoking and closed to the public. All meetings feature discussions and various topics. Every Wednesday @ 7:30 PM Every Saturday @ 10:30"
AA - Carrying The MessageSeaview Methodist Churc,Alcoholics Anonymous,,4620 SW Graha,Seattle,WA,,"Every Saturday 7:00 PM, Non-Smoking, Wheelchair Accessible, Speaker, Open."
AA - Camelot Square GroupCamelot Square Rec Hall,Alcoholics Anonymous,,3001 S 288th,Federal Way,WA,,"Thursday @ 7:30 PM, 90 min., Non-Smoking, Wheelchair Accessible, Wheelchair Accessible Parking, Closed"
AA - Burien Men's GroupLake Burien Presbyterian,Alcoholics Anonymous,,15003 14th Ave,Burien,WA 9816,,"Wednesday @ 7:00 PM, Men's, Closed"
AA - Burien Highline Friday NightLake Burien Presbyterian,Alcoholics Anonymous,,15003 14th Ave,Burien,WA 9816,,"Friday @ 7:30 PM, Closed"
AA - Burien Early BirdsLittle Pat's Café,Alcoholics Anonymous,,13611 Ambaum,Burien,WA 9816,,"Monday & Tuesday @ 7:00 AM, Restaurant/Food, Open"
AA - Burien Breakfast BunchLittle Pat's Café SW 136 and Am,Alcoholics Anonymous,,Burien,WA 9816,,,"Sunday @ 8:00 AM, OpenWe are at Seahurst Park (North Shelter), 2nd & 4th SUNDAY."
AA - Brown Bag GroupSunrise United Church,Alcoholics Anonymous,,150 S 356th ST,Federal Way,WA,,"Monday - Friday @ 12:00 PM, 1 hr., Non-Smoking, Open"
AA - Broadway GroupSt. Mark's Episcopal Chu,Alcoholics Anonymous,,1245-10th E,Seattle,WA 9810,,Every Monday 8:00 PM Closed To Public.
AA - Breakfast with BillDave's Diner,Alcoholics Anonymous,,2825 S 188th St.,SeaTac,WA 981,,"Sunday @ 8:30 AM, Open"
"AA - Four HoursemenFremont Baptist Ch, Mee",Alcoholics Anonymous,,716N 36th St,Seattle,WA,,Every Wednesday7:30 PM.90 min. Open to Public.
AA - Courage to ChangeQueen Anne Presbyterian,Alcoholics Anonymous,,414 W Howe,Seattle,WA,,"Friday @ 5:00 PM, 1 hr, Non-Smoking, Discussion format, Wheelchair Accessible, Varied topics, Closed"
AA - Eycel Russian Speaking Meetin,Alcoholics Anonymous,,33309 1st Way S,Federal Way,WA,,"Thursday @ 6:00 PM, Non-Smoking, Foreign Language, Other Specialty, Closed"
AA - Fish-n For Sobriety12 x 12 Fellowship,Alcoholics Anonymous,,23732 Bothell-E,Bothell,WA 980,,"Every Tuesday @ 10:00 AM Wheelchair accessible parking, open to the public At the County Village (in the back under the clock tower)"
AA - First Things FirstGroupMethodist Church,Alcoholics Anonymous,,3118 S 148th St,Tukwila,WA 98,,"Tuesday @ 5:30 PM, Non-Smoking, Closed"
AA - Fireside WomenCalvary Luthran Church,Alcoholics Anonymous,,23rd Ave & 70th,Seattle,WA,,"Every Thursday 6:30 Pm,Wheelchair Accessible. Wheelchair Accessible Parking. Wheelchair Accessible Bathroom. Open to Public."
AA - Federal Way WomenLutheran Church,Alcoholics Anonymous,,2501 SW 320th,Federal Way,WA,,"Monday @ 7:00 PM, Non-Smoking, Discussion Format, Women's, Open"
AA - Federal Way Wednesday Step StudyChurch of Good Shepard,Alcoholics Anonymous,,345 S 312th ST,Federal Way,WA,,"Wednesday @ 8:00 PM Non-Smoking, Closed"
AA - Federal Way Tuesday Step StudyCalvary Lutheran Church,Alcoholics Anonymous,,2415 S 320th St,Federal Way,WA,,"Tuesday @ 8:00 PM, 90 min., Non-Smoking, Al-Anon Meeting At Same Time And Location, Closed"
AA - Federal Way Tuesday Night Mens StagWayside Church,Alcoholics Anonymous,,2000 S W Dash,Federal Way,WA,,"Tuesday @ 7:00 PM, 90 min., Non-Smoking, Discussion Format, Wheelchair Accessible, Wheelchair Accessible Parking and Bathroom, Men's, Other Topic, Closed"
AA - Federal Way Thursday Night Mens StagSteel Lake Presbyterian C,Alcoholics Anonymous,,1829 S 308th ST,Federal Way,WA,,"Thursday @ 7:30 PM, 90 min., Wheelchair Accessible, Wheelchair Accessible Parking and Bathroom, Men's, Closed"
AA - Federal Way Sunday GroupLutheran Church,Alcoholics Anonymous,,Lutheran Church,Federal Way,WA,,"Sunday @ 7:00 PM, 90 min., Non-Smoking, Open"
AA - Federal Way Study GroupCalvary Lutheran Church,Alcoholics Anonymous,,2415 S 320th ST,Federal Way,WA,,"Tuesday @ 8:00 PM, 90 min., Non-Smoking, Al-Anon Meeting At Same Time And Location, Closed"
AA - Federal Way Stag StudyChurch of Christ,Alcoholics Anonymous,,30012 Military,Federal Way,WA,,"Monday @ 6:30 PM, Non-Smoking, Wheelchair Accessible, Wheelchair Accessible Parking and Bathroom, Men's, Step Study, Closed"
AA - Federal Way Mens Stag SaturdayChurch of Good Shepard,Alcoholics Anonymous,,345 S 312th ST,Federal Way,WA,,"Saturday @ 9:00 AM, 1 hr, Non-Smoking, Wheelchair Accessible, Wheelchair Accessible Parking and Bathroom, Open"
AA - Dignified OddballsFemont Baptist Church,Alcoholics Anonymous,,717 N 36th,Seattle,WA 9810,,"Every Saturday 6:00 PM . Non-Smoking,Closed To Public."
AA - Federal Way Big Book StudyLight of Christ Church,Alcoholics Anonymous,,2400 SW 344th,Federal Way,WA,,"Monday @ 7:30 PM, 1 hr., Non-Smoking, Wheelchair Accessible, Wheelchair Accessible Parking, Closed"
AA - Do It TogetherLight of Christ Church,Alcoholics Anonymous,,2400 SW 344th,Federal Way,WA,,"Monday & Thursday @ 8:00 PM, 1 hr, Non-Smoking, Wheelchair Accessible, Wheelchair Accessible Parking, Closed"
AA - Evergreen South Breakfast GroupAuburn Eagles,Alcoholics Anonymous,,702 M St SE,Auburn,WA 980,,"Sunday @ 9:00 AM, Non-Smoking, Wheelchair Accessible, Wheelchair Accessible Parking, Open"
AA - Empire Way GroupVeitnamese Presby Ch,Alcoholics Anonymous,,6721 51st S & H,Seattle,WA,,Every Monday/Wednesday 8:00 PM Open To Public.
AA - EgoBusters12 x 12 Fellowship,Alcoholics Anonymous,,23732 Bothell-E,Bothell,WA 980,,"Every Thursday @ 9:00 PM Wheelchair accessible parking, men's group, closed to the public At the County Village (in the back under the clock tower)"
AA - Easy Does It Hall,Alcoholics Anonymous,,132 SW 152nd St,Burien,WA 9816,,"Friday @ 6:00 AM Everyday @ 12:00 PM, 3:00 PM, 5:00 PM, 9:00 PM, Open Sunday @ 7:00 PM, Big Book, Closed Monday - Wednesday & Friday - Saturday @ 7:00 PM, Open Thursday @ 7:00 PM, 12 and 12, Closed"
AA - East Hill LegacyFirst Christian Church,Alcoholics Anonymous,,11717 SE 240th,Kent,WA,http://www.district33aa.org,"Every Thursday @ 8:00 PM 90 minute meetings; discussions, non-smoking, wheelchair accessible (parking & restrooms included) various topics, open to the public"
AA - Easier Softer WayLuthran Church,Alcoholics Anonymous,,7002-23rd Ave,Seattle,WA,,"Every Saturday 11:00 AM, Wheelchair Accessible. Open to Public."
AA - Eagle Ridge Group,Alcoholics Anonymous,,1111 SE Carr Ro,Renton,980,,"Every Tuesday @ 6:30 PM, 90 minute meetings; non-smoking, discussions, wheelchair accessibility with restroom/parking access, various topics"
AA - Duck Island,Alcoholics Anonymous,,7109 Aurora Av,Seattle,9810,,"Every Monday 6:30 PM, Non-Smoking, Wheelchair Accessible, Wheelchair Accessible Parking, Wheelchair Accessible Bathroom, Open to public"
AA - Dry Dock Monday,Alcoholics Anonymous,,144 Rainer Ave,Renton,980,,"Every Monday @ 11:30 AM, 90 minute meetings; restaurant/food, Various topics @ Denny's"
AA - Sound Sobriety Group,Alcoholics Anonymous,,610 Rainier Ave,Renton,980,,"Every Saturday @ 7:30 PM, 90 minute meetings; Restaurant/food, non-smoking, wheelchair accessibility with parking and restrooms, open to the public, discussions and various topics, Optional; dinner 6:30 PM"
AA - DownTown Study Group,Alcoholics Anonymous,,811 5th Ave,Seattle,9810,,"Every Monday/Thursday 12:00 PM Closed To Public, Wednesday Open To Public 12:00 PM"
AA - Camino Real,Alcoholics Anonymous,,132 SW 152nd S,Burien,9816,,"Sunday @ 6:00 PM, Spanish, Open; Saturday @ 8:00 PM, Spanish, Open, Spanish Speaking Meeting"
AA - Bothell Group,Alcoholics Anonymous,,19540 104th NE,Bothell,980,,"Every Wednesday @ 7:30 PM, 90 minute meetings, Non-smoking, various topics, open to the public"
AA - Federal Way Friday Night,Alcoholics Anonymous,,2000 SW Dash P,Federal Way,W,,"Friday @ 8:00 PM, 90 min., Non-Smoking, Wheelchair Accessible, Wheelchair Accessible Parking and Bathroom, Open"
AA - 9 to 5 23rd and Cherry Fellows,Alcoholics Anonymous,,2701 Cherry St,Seattle,9812,,Every Monday/Friday 1:00 PM 90 min
AA - Agape,Alcoholics Anonymous,,6512-12th Ave,Seattle,9811,,"Every Monday 12:00 PM, Non-Smoking, Open To Public; Every Tue, Wed, Thur, Fri, Non-Smoking, Al-Anon Meeting At Same Place And Time, Open To Public"
AA - After 5'ers,Alcoholics Anonymous,,2701 E Cherry S,Seattle,9812,,"Every Saturday/Tuesday 8:00 PM 90 min Open; Thursday 8:00 PM 90 min, Big Book/Literature, Open To Public"
AA - Admiral AA Seaview Methodist Church,Alcoholics Anonymous,,4620 SW Graha,Seattle,9813,,"Wednesday @ 6:30 PM, Non-Smoking, Wheelchair Accessible, Wheelchair Accessible Parking & Bathroom, Open"
AA - Acceptance At Noon Lake Sawyer Christian C,Alcoholics Anonymous,,31605 Lake Saw,Black Diamond,,www.district33aa.org,"Every Monday @ 12:00 PM, 1 hour meetings, Non-smoking, wheelchair accessible/parking/restrooms, various topics, discussions"
AA - Abigail's Ghost,Alcoholics Anonymous,,210 Dexter Ave,Seattle,9810,,"All meetings are Non-Smoking, Discussion format, Wheelchair Accessible, Wheelchair Accessible Parking, & Stories; Sunday @ 8:00 AM, 90 min., Open; Monday - Saturday @ 7:00 AM, Closed (Wednesday & Friday are English to Sign Language / Sign Language to English)"
AA - AA Women's Group,Alcoholics Anonymous,,12028 SW Ceme,Vashon,980,,"Thursday @ 7:30 PM, Non-Smoking, Women's, Open"
AA - AA McMeeting Group,Alcoholics Anonymous,,11425 Rainier S,Seattle,9817,,"Every Saturday @ 8:00 AM, 90 minute meetings; non-smoking, restaurant/food, wheelchair accessibility, wheelchair accessible parking and restrooms, open to the public, various topics, discussions, Temporary location"
AA - AA Lives 12 x 12 Fellowship,Alcoholics Anonymous,,23732 Bothell-E,Bothell,980,,"Every Friday @ 7:00 PM, Open to the public"
AA - A Way Out Convenant Church,Alcoholics Anonymous,,400 E Pike,Seattle,9812,,Every Saturday 7:30 PM Open To Public
AA - A Sunday's Reprieve 12 x 12 Fellowship,Alcoholics Anonymous,,23732 Bothell-E,Bothell,980,,"Every Sunday @ 7:00 PM, Discussions, various topics, wheelchair accessible parking, open to the public, At the County Village (in the back under the clock tower)"
AA - A New Start 12 x 12 Fellowship,Alcoholics Anonymous,,23732 Bothell-E,Bothell,980,,"Every Sunday @ 12:00 PM; Every Monday @ 10:00 AM, Wheelchair accessible parking, open to the public, At the County Village (in the back under the clock tower)"
AA - A New Purpose Group,Alcoholics Anonymous,,1024 Monroe N.,Renton,980,,"Every Monday @ 7:00 PM, 90 minute meetings, children welcome, non-smoking, discussions, various topics, open to the public, babysitting services, wheelchair accessible with restroom facilities and parking for wheelchair users"
AA - Breakaways Study Group,Alcoholics Anonymous,(253) 939-6541,1317 Harvey Ro,Auburn,980,www.southkingalano,"Monday @ 4:30 PM, Non-Smoking, Wheelchair Accessible, Wheelchair Accessible Bathroom and Parking, Closed; Wednesday @ 4:30 PM, Non-Smoking, Wheelchair Accessible, Wheelchair Accessible Bathroom and Parking, Step Study; Friday @ 4:30 PM, Non-smoking"
AA - A Better Way,Alcoholics Anonymous,,11215 NE 132nd Street,Kirkland,WA,,"Every Tuesday @ 12:00 PM, 90 minute meetings, women's group"
AA - ALKI Tuesday Nighters,Alcoholics Anonymous,,6115 SW Hinds,Seattle,WA,,"Every Tuesday 8:00 PM Non-smoking, Open"
AA - 86D Group,Alcoholics Anonymous,,309 Pontius Ave,Seattle,9810,,Every Tuesday 8:00 PM Open To Public
AA - 3-11,Alcoholics Anonymous,,4620 Graham S,Seattle,9813,,"Sunday @ 7:00 PM, Non-Smoking, Open"
AA - 12 x 12 Women's Meeting,Alcoholics Anonymous,,23732 Bothell-E,Bothell,980,,"Every Wednesday @ 7:00 PM, Women's group, closed to the public, At the County Village (in the back under the clock tower)"
AA - 12 x 12 Soulshiners,Alcoholics Anonymous,,23732 Bothell-E,Bothell,980,,"Every Sunday @ 9:00 PM, Wheelchair accessible parking, open to the public, At the County Village (in the back under the clock tower)"
AA - 12 X 12 Fellowship,Alcoholics Anonymous,,23732 Bothell-E,Bothell,980,,"All meetings have wheelchair accessible parking, Every Sunday @ 4:00 PM Discussions, various topics, Every Monday @ 12:00 PM Discussions, various topics, open to the public, Every Monday @ 5:30 PM Discussions, various topics, closed to the public, Every"
AA - 10 De Marzo Meeting,Alcoholics Anonymous,,916 S 2nd St,Renton,980,,"Every Sunday and Tuesday @ 8:00 PM, Non-smoking, Spanish, various topics, open to the public, 90 minute meetings"
AA - Kirkland Daytimers,Alcoholics Anonymous,,6400 108th Ave,Kirkland,98,,"Every Thursday @ 10:00 AM, 90 minute meetings, non-smoking, babysitting services"
A.A. WWA72 District 39,Alcoholics Anonymous,(425) 454-9192,19540 104th NE,Bothell,98011,,District (GSR) meetings held at: The Emmanuel Presbyterian Church 1st Tuesday of the month @ 7:00 PM
A.A. District 38: Kirkland,Alcoholics Anonymous,(425) 454-9192,P.O. Box 2203,Kirkland,98,http://eastsideintergroup.org,"Meetings for our district are within the City of Kirkland only, however, there are many more in nearby Eastside cities. Check our Eastside Intergroup website for the most complete & up-to-date meeting list."
A.A. District 33,Alcoholics Anonymous,,P. O. Box 11,Black Diamond,,www.district33aa.org,
A.A. District 32,Alcoholics Anonymous,,PO Box 4722,Federal Way,,www.district32aa.org,"Business meeting on 3rd Monday @ 7:00 PM at the Calvary Lutheran Church on 2415 S 320th ST. in Federal Way, WA."
A.A. District 31,Alcoholics Anonymous,,Highline Medical Center/ 12844 Military,Tukwila,WA 98,www.area72aa.org,
AA - A New Beginning,Alcoholics Anonymous,,15403 Ambaum Blvd. S,Burien,WA 9816,,"Everyday @ 12:00 PM & 7:00 PM, Open; Sunday meetings at various times and formats; Weekday meetings at 5:00 PM and 7:30 PM."
AA - Back To Basics,Alcoholics Anonymous,,23rd & Cherry Fellowship 2701 E Cherry S,Seattle,WA 981,,"Every Wednesday @ 8:00 PM for 90 minutes, Podium format."
AA - Bliss,Alcoholics Anonymous,,12 x 12 Fellowship,Bothell,WA 980,,"Every Friday @ 9:00 PM, Open to the public."
AA - Bill's Story,Alcoholics Anonymous,,Kirkland Congregational 106 5th Ave,Kirkland,WA 98,,"Every Monday @ 7:30 PM for 90 minutes; non-smoking, open to the public. Meets upstairs on the right side."
AA - Bill's Kitchen,Alcoholics Anonymous,,St. Paul's Church 6512-12th Ave,Seattle,WA 9811,,"Every Sunday @ 2:00 PM, Closed To Public."
AA - Big Book West,Alcoholics Anonymous,,Magbolia Presby Church 28th West,Seattle,WA,,"Tuesday @ 8:00 PM for 1 hour, Non-Smoking, Discussion format, Big Book, Closed."
AA - Better Odds Sober,Alcoholics Anonymous,,Franco's Crab Cracker 452 Central Ave,Kirkland,WA 98,,"Every Sunday @ 9:00 AM for 90 minutes, open to the public."
AA - Benson Hill Group,Alcoholics Anonymous,,King of Kings Lutheran 18207 108th Av,Renton,WA 980,,"All meetings are non-smoking, 90 minutes in length unless otherwise noted; wheelchair accessibility and facilities available. All meetings are closed to the public. Meets around the back of the building."
AA - Belltown Morning,Alcoholics Anonymous,,Café Minnie 101 Denny Way,Seattle,WA,,"Monday - Friday @ 7:00 AM for 1 hour, Discussion format, Stories, Open."
AA - Bellevue Breakfast,Alcoholics Anonymous,,Totem Lake Denny's 12106 NE 124th,Kirkland,WA,,"Every Sunday @ 8:00 AM for 90 minutes; non-smoking, open to the public."
AA - Bel-Kirk Breakfast,Alcoholics Anonymous,,Totem Lake Denny's 12106 NE 124th,Kirkland,WA,,Every Saturday @ 8:15 AM for 90 minutes; open to the public.
AA - Ballard Women,Alcoholics Anonymous,,"Ballard Hospital, 3rd Floor 5402Barnes NW",Seattle,WA 9810,,"Every Thursday 7:30 PM, Discussion, Wheelchair Accessible Parking, Women, Open To Public."
AA - Ballard Friday,Alcoholics Anonymous,,Ballard SwedishMed.Ctr 5409 Barnes N,Seattle,WA 981,,"Every Friday 7:00 PM, Wheelchair Accessible, Wheelchair Accessible Parking, Wheelchair Accessible Bathroom."
AA - Ballard Big Book,Alcoholics Anonymous,,St. Alphonsus Church (M 5816-15th Ave,Seattle,WA 9810,,"Every Monday for 90 minutes, Non-Smoking, Smoke/Friendship Break, Wheelchair Accessible, Wheelchair Accessible Parking, Big Book, Closed To Public."
AA - Agnostics & Others,Alcoholics Anonymous,,Saltwater Church 25701 14th Pl. S,Auburn,WA 981,,"Monday @ 6:30 PM, Open."
AA - Back to the 40'S,Alcoholics Anonymous,,Kent Lutheran Church 225 W Saar St,Kent,WA 98032,,"Every Wednesday 7:00 PM for 90 minutes, Non-Smoking, Discussion, Topic Varies, Open to the Public."
AA - Airport Earlybirds,Alcoholics Anonymous,,Dave's Diner 2825 S 188th St.,SeaTac,WA 981,,"Everyday @ 6:30 AM, Non-Smoking, Restaurant/Food, Closed."
AA - Auburn Stag Group,Alcoholics Anonymous,,Episcopal Church 123 L ST NE,Auburn,WA 980,,"Tuesday @ 7:30 PM, Non-Smoking, Wheelchair Accessible, Wheelchair Accessible Bathroom and Parking, Men's, Closed."
AA - Auburn Group,Alcoholics Anonymous,,1st Methodist Church Main & N Street,Auburn,WA,,"Monday @ 10:30 AM for 90 min., Non-Smoking, Closed; Wednesday @ 8:00 PM for 90 min., Non-Smoking, Wheelchair Accessible, Wheelchair Accessible Bathroom and Parking, Al-Anon Meeting At Same Time And Location, Book/Literature Study, Varied Topics, Steps & Traditions."
AA - Auburn Alkies,Alcoholics Anonymous,,Holy Family Catholic Ch 505 - 17th SE,Auburn,WA,,"Sunday @ 7:30 PM for 90 min., Non-Smoking, Al-Anon Meeting At Same Time And Location, Big Book, Book/Literature Study, Varied Topics, Closed."
AA - As Bill Sees It West,Alcoholics Anonymous,,Guadalupe Church 35th and Myrtle,Seattle,WA,,"Every Saturday 7:00 PM, Non-Smoking, Speaker, Wheelchair Accessible, Open."
AA - Artists in AA,Alcoholics Anonymous,,Fremont Community Chu 717 N 36th St,Seattle,WA 9810,,"Every Thursday 8:00 PM for 60 min., Non-Smoking, Discussion, Open To Public."
AA - Arbor Heights Book Study,Alcoholics Anonymous,,Arbor Heights Alliance C 10215 41st Ave,Seattle,WA,,"Every Sunday 6:00 PM, Non-Smoking, Wheelchair Accessible, Wheelchair Accessible Parking, Wheelchair Accessible Bathroom, Closed to the public."
AA - Anonymity at Steel Lake,Alcoholics Anonymous,,Steel Lake Preseterian 1829 S 308th ST,Federal Way,WA,,"Wednesday @ 7:30 PM, Non-Smoking, Wheelchair Accessible, Wheelchair Accessible Bathroom, Anniversary/Birthday, Men's, Step's & Traditions, Closed."
AA - Angels in Disguise,Alcoholics Anonymous,(253) 939-6541,South King County Alan 1317 Harvey Rd,Auburn,WA 980,www.southkingalano,"Monday @ 7:00 PM, Non-Smoking, Wheelchair Accessible, Wheelchair Accessible Bathroom and Parking, Women's, Closed."
AA - Anchor Group,Alcoholics Anonymous,,Rose Hill Presbyterian C 12202 NE 90th,Kirkland,WA 98,,"Every Wednesday @ 7:30 PM for 1 hour, closed to the public, non-smoking. Meets in annex building closest to parking lot."
AA - All About Choices,Alcoholics Anonymous,,Auburn Business Park 1833 Auburn W,Auburn,WA 980,,"Saturday @ 5:00 PM for 1 hour, Non-Smoking, Wheelchair Accessible, Wheelchair Accessible Bathroom and Parking, Open."
AA - DRUNKS R US,Alcoholics Anonymous,,Lutheran Church 1215 Thomas at,Seattle,WA 9810,,"Every Monday 7:30 PM for 60 min, Open To Public."
AA - Ballard Our Redeemer Luthran C,Alcoholics Anonymous,(null),2400 NW 85th S,Seattle,9811,null,"Every Monday 8:00 PM Non-Smoking, Wheelchair Accessible, Wheelchair Accessible Parking, Wheelchair Accessible Bathrooml, Closed To Public."
AA - Psychic Change,Alcoholics Anonymous,(253) 939-6541,1317 Harvey Rd,Auburn,980,www.southkingalano,"Everyday @ 5:30 PM, Non-Smoking, Wheelchair Accessible, Wheelchair Accessible Bathroom and Parking, Open"
AA - Donut Dunkers GROUP,Alcoholics Anonymous,(null),Imperial Lanes 2101 22nd South,Seattle,9814,null,Every Sunday 10:30 AM Open To Public.
AA - Rock Solid NW Resources,Alcoholics Anonymous,(null),22620 7th Ave S,Des Moines,WA,null,"Saturday @ 10:00 AM, Open"
AA - Freedom In Sobriety Denys Restraunt,Alcoholics Anonymous,(null),2132 S 320th,Federal Way,W,null,"Saturday @ 8:30 AM, Non-Smoking, Wheelchair Accessible, Wheelchair Accessible Parking and Bathroom, Open"
AA - Renton Tuesday Night GroupRenton Lutheran Church,Alcoholics Anonymous,(null),99 Wells Ave N,Renton,980,null,"All meetings are non-smoking, wheelchair accessible, with wheelchair parking and restroom facilities. All meetings are 1 hour in length. Every Tuesday @ 7:00 PM Discussions, literature study, closed to the public"
AA - Renton Southend Women's GroupRenton Lutheran Church,Alcoholics Anonymous,(null),2201 NE 4th St,Renton,980,null,"Every Tuesday @ 5:15 PM 90 minutes meetings; non-smoking, discussions, wheelchair accessibility (restroom/parking), closed to the public, various topics"
AA - Renton Highlands GroupRenton Methodist Church,Alcoholics Anonymous,(null),2201 NE 4th St,Renton,980,null,"All meetings are 90 minutes long, non-smoking, and offer wheelchair accessibility, wheelchair accessible parking and restrooms. Every Monday and Friday @ 7:30 PM Discussions, various topics, open to the public. Every Wednesday @ 7:00 PM Discussions, wo"
AA - Renton Group Renton Methodist Church,Alcoholics Anonymous,(null),2201 NE 4th St,Renton,980,null,"Every Sunday at 8:00 PM 90 minute meetings; Non-smoking, discussions, wheelchair accessible parking, restrooms and wheelchair accessibility, open to the public, podium, various topics. Every Thursday @ 9:00 PM 90 minute meetings; Non-smoking, discussions,"
AA - Renton Earlybirds Group,Alcoholics Anonymous,(253) 850-3133,South County Alano Club 1317 Harvey RD,Auburn,980,null,"Every Sunday 7:00 AM 60min, Non-Smoking, Discussion, Wheelchair Accessible,Parking,Rastrooms. Topic Vareid, Open to Public. Every Monday Through Saturday 6:30 AM 60min. Non-Smoking, Discussion, Wheelchair Accessible, Parking, Restrooms, Topic Varied, Open"
AA - Rendevous Lunch Gatewood,Alcoholics Anonymous,(null),107 Pine St,Seattle,WA,null,"Thursday @ 12:00 PM, 1 hr, Non-Smoking, Discussion format, Wheelchair Accessible, Wheelchair Accessible Bathroom, Varied topics"
AA - Redmond Recovery Bear Creek Church,Alcoholics Anonymous,(null),18931 NE 143rd,Woodinville,W,null,"Every Thursday @ 7:30 PM Non-smoking, wheelchair accessible w/parking & restrooms, open to the public"
AA - Recovery Won Totem Lake Denny's,Alcoholics Anonymous,(null),12106 NE 124th,Kirkland,WA,null,Every Wednesday @ 7:30 PM
"AA - Recovery Group Ballard Hosp., Conf. Rm.",Alcoholics Anonymous,(null),5409 Barnes N,Seattle,WA,null,Every Sunday 11:00 AM Open to Public.
AA - Night Shift 12 x 12 Fellowship,Alcoholics Anonymous,(null),23732 Bothell-E,Bothell,WA 980,null,Every Friday @ 12:00 AM Open to the public
AA - Queen Anne Gay St. Paul's Church,Alcoholics Anonymous,(null),1st Ave N and R,Seattle,WA,null,"Monday @ 8:00 PM, 1 hr, Non-Smoking, Discussion format, Sign Language to English Interpreter, Gay & Lesbian, Varied topics, Open"
AA - Saturday Big Book Step StudyNormandy Park Congreg,Alcoholics Anonymous,(null),19247 1st Ave. S,Normandy Park,null,null,"Saturday @ 12:00 PM, 90 min., Non-Smoking, Discussion, Baby Sitter, Big Book, Closed"
AA - Proud to be Deaf and SoberCommunity of Christ St,Alcoholics Anonymous,(null),515 S 312th; Ro,Federal Way,W,null,"Wednesday @ 7:00 PM, Non-Smoking, Wheelchair Accessible, Wheelchair Accessible Parking and Bathroom, Other Specialty, Open"
AA - Progress Not PerfectionUnited Methodist Ch of,Alcoholics Anonymous,(null),1606 5th Ave W,Seattle,WA,null,"Friday @ 7:30 PM, 1 hr, Non-Smoking, Discussion format, Varied topics, Open"
AA - Principles Before Personalities,Alcoholics Anonymous,(null),15003-14th SW,Burien,WA 9816,null,"Tuesday @ 7:00 PM, 1 hr, Non-Smoking, No Children, Discussion, Big Book, Traditions, Closed"
AA - Posse On Broadway Central Lutheran Church Or The Holy Tri,Alcoholics Anonymous,(null),Seattle,WA,null,null,"Every Wednesday 8:00 PM 90 MIN Non-Smoking, Discussion, Wheelchair Accessible Parking, Wheelchair Accessible Bathroom, Varied, Open To Public."
AA - Path to Serenity Inglewood Presbyterian C,Alcoholics Anonymous,(null),7718 NE 141st,Bothell,WA 980,null,"Every Thursday @ 7:00 PM 90 minute meetings; open to the public, non-smoking"
AA - Pass It On,Alcoholics Anonymous,(null),17801 1st Ave S,Normandy Park,null,null,"All meetings are Non-Smoking & Closed Sunday & Saturday @ 8:30 AM Monday - Friday @ 8:00 AM Everyday @ 12:00 PM, 5:00 PM, 7:00 PM"
AA - Paradise Valley,Alcoholics Anonymous,(null),18623 Vashon H,Vashon,WA 980,null,"Every Friday 8:00 PM Non Smoking, Discussion, Wheelchair Accessible Open."
AA - Pacific Group New Hope Lutheran Chur,Alcoholics Anonymous,(null),603 3rd Ave SE,Pacific,WA 980,null,"Monday @ 8:00 PM, Non-Smoking, Wheelchair Accessible, Wheelchair Accessible Parking and Bathroom, Open"
AA - Our Stories Disclose Speaker MeetingSt. George Episcopal Chu,Alcoholics Anonymous,(null),www.district33aa.org,null,null,null,"Every Friday @ 7:00 PM 1 hour meetings, speakers, wheelchair accessible facilities (parking/restrooms), open to the public"
AA - Our Primary Purpose Lake Burien Presbyterian,Alcoholics Anonymous,(null),15003 14th Ave,Burien,WA 9816,null,"Monday, Wednesday, & Friday @ 5:00 PM, Closed"
AA - One Hour Quick Fix Methodist Church,Alcoholics Anonymous,(null),901 9th Ave SW,Seattle,WA,null,"Every Monday 6:00 PM Non-Smoking, Wheelchair Accessible, Wheelchair Accessible Bathroom, Open."
AA - Northlake Java Club,Alcoholics Anonymous,(null),7811 Aurora Av,Seattle,WA,null,"Every Monday 8:00 PM Wheelchair Accessible,Parking & Restroom,Open to Public."
AA - Queen Anne Study Queen Anne Methodist C,Alcoholics Anonymous,(null),1606 5th Ave W,Seattle,WA,null,"Sunday @ 7:00 PM, 1 hr, Non-Smoking, Discussion format, Wheelchair Accessible, Wheelchair Accessible Bathroom & Parking, Varied topics, Closed"
AA - Smokeless Inferno Little Pat's Café,Alcoholics Anonymous,(null),13611 Ambaum,Burien,WA 9816,null,"Sunday @ 10:30 AM, Non-Smoking, Restaurant/Food, Open"
AA - Solid Sobriety Breakfast GroupGolden Steer Restraunt,Alcoholics Anonymous,(null),23826 104th SE,Kent,WA 98031,null,"Sunday @ 9:00 AM, Non-Smoking, Wheelchair Accessible, Wheelchair Accessible Parking and Bathroom, Open"
AA - Sobriety Study St. Paul's Church,Alcoholics Anonymous,(null),6512-12th NW,Seattle,WA,null,"Every Saturday 6:00 PM Non-Smoking, Book/Liturature, Closed to Public."
AA - Sobriety Seekers,Sobriety Support,(253) 939-6541,1317 Harvey Rd,Auburn,980,http://www.southkingalano,"Everyday @ 2:00 PM, Non-Smoking, Wheelchair Accessible, Wheelchair Accessible Bathroom and Parking, Open"
AA - Sobriety Lifeline,Sobriety Support,,,Issaquah,98,,"Every Sunday @ 7:30 PM, Non-smoking, various topics, literature study, open to the public"
AA - Sobriety in the Sticks,Sobriety Support,,Cedar Grange #534 SE 218 St. & H,Maple Valley,W,www.district33aa.org,"Every Sunday @ 6:00 PM, 90 minute meetings, Discussions, open to the public"
AA - Sobriety In Greater Hobart,Sobriety Support,,Hobart Community Chur 27524 SE 200th,Hobart,WA 980,www.district33aa.org,"Every Monday @ 8:00 PM, 90 minute meetings; discussions, non-smoking, wheelchair accessible, with wheelchair accessible parking & restrooms, open to the public"
AA - Sobriety and Beyond,Sobriety Support,,632 W Main St,Auburn,980,,"Thursday @ 5:00 PM, Wheelchair Accessible, Wheelchair Accessible Bathroom, Women's, Closed"
AA - Sober Sisters,Sobriety Support,,Riverton Park Methodist 3118 S 148th St,Tukwila,98,,"Monday @ 5:30 PM, Women's, Open"
AA - Sober On Saturday,Sobriety Support,,St James Lutheran Churc 9415 18th SW,White Center,W,,"Every Saturday 8:00 PM, Non-Smoking, Open"
AA - Sober On Saturday,Sobriety Support,,Nine Lakes Baptist Churc 1636 S 330th,Federal Way,W,,"Saturday @ 8:00 PM, Non-Smoking, Wheelchair Accessible, Wheelchair Accessible Parking and Bathroom, Open"
AA - Sober Gals,Sobriety Support,,Residence XII 12029 113th Av,Kirkland,WA,,"Every Tuesday @ 7:00 PM, 90 minute meetings; women's group only"
AA - Sober Cartooners,Sobriety Support,,Juanita Community Cente 13027 100th Av,Kirkland,WA,,"Every Saturday @ 10:30 AM, 90 minute meetings; open to the public"
AA - Salmon Bay,Sobriety Support,,Ballard 1st Lutheran Chu 2006 NW 65th S,Seattle,9811,,"Every Friday 7:30 PM Non-Smoking, Open to Public."
AA - Soaring Eagles,Sobriety Support,,Muckleshoot Casino 2402 Auburn W,Auburn,980,,"Thursday @ 7:30 PM, Native American, Open"
AA - Sanity in Sobriety,Sobriety Support,,Fairfax Hospital 10200 NE 132nd,Kirkland,WA,,"Every Sunday @ 7:30 PM, 90 minute meetings; non-smoking"
AA - SmokeFree Group,Sobriety Support,,12 x 12 Fellowship 23732 Bothell-E,Bothell,980,,"Every Thursday @ 5:00 PM, Non-smoking, wheelchair accessible parking, open to the public"
AA - Skyway Group,Sobriety Support,,St. Paul's Rectory 5600 S Ryan St,Seattle,9817,,"Every Tuesday @ 8:00 PM, 90 minute meetings; 12 and 12, Steps and Traditions, Traditions, closed to the public, discussions, wheelchair accessibility, wheelchair accessible parking and restrooms"
AA - Simplicity,Sobriety Support,,"Ballard Hosp.,Conf. Rm. 5409 Barnes N",Seattle,WA,,Every Saturday 9:00 AM Open to Public
AA - Ship Canal,Sobriety Support,,1st Free Methodist Churc 3200 3rd Ave W,Seattle,WA,,"Monday @ 7:00 PM, 1 hr, Non-Smoking, Discussion format, Wheelchair Accessible, Wheelchair Accessible Parking & Bathroom, Varied topics, Open"
AA - Shanty Trudgers,Sobriety Support,,Shanty Café 350 Elliott Ave,Seattle,WA,,"Saturday @ 7:00 PM, 1 hr, Non-Smoking, Restaurant/Food, Discussion format, Wheelchair Accessible, Varied topics, Open"
AA - Seven and Sober,Sobriety Support,,NorthShore Senior Cente 10201 E. Riversi,Bothell,980,,"All meetings are one hour long, have wheelchair accessibility with parking and restroom facilities for wheelchair users, meetings are open to the public and are non-smoking. Every day @ 7:00 AM, Discussions, various topics"
AA - Serenity Hall Group,Sobriety Support,,Serenity Hall 12536 Renton A,Seattle,9817,,"All meetings are 90 minutes long; meetings feature discussions, various topics, wheelchair accessibility, wheelchair accessible parking and restrooms and are open to the public, except where indicated. Everyday @ 10:00 AM, Everyday @ 12:00 PM, Everyday @"
AA - Serenity After Hours,Sobriety Support,(253) 939-6541,South King County Alan 1317 Harvey Rd,Auburn,980,http://www.southkingalano,"Everyday @ 9:00 PM, Non-Smoking, Wheelchair Accessible, Wheelchair Accessible Bathroom and Parking, Open"
AA - Seniors on Sobriety,Sobriety Support,(425) 486-9062,NorthShore Senior Cente 10201 E. Riversi,Bothell,980,,"Meets in Room #205, Every Wednesday @ 10:00 AM, 75 minute meetings; Non-smoking, discussions, seniors, 12 and 12, Traditions, wheelchair accessibility w/parking & restrooms, Every Wednesday @ 10:00 AM, 90 minute meetings; Non-smoking, discussions, seniors,"
AA - Seniors on Sobriety,Sobriety Support,,,Bothell,WA,,"Every Sunday @ 12:00 PM, Every Wednesday @ 10:00 AM, 45 minutes; discussions, Every Wednesday @ 10:00 AM, Non-smoking; discussions, wheelchair accessible with parking and restroom facilities, Step Study, Stories"
AA - Seeing Through the Haze,Sobriety Support,,12 x 12 Fellowship 23732 Bothell-E,Bothell,980,,"Every Tuesday @ 5:00 PM, Wheelchair accessible parking, open to the public, At the County Village (in the back under the clock tower)"
AA - Saturday Nite Improv,Sobriety Support,,(Member's Home),Maple Valley,W,www.district33aa.org,"Every Saturday @ 8:00 PM, 90 minute meetings, non-smoking, no children, open to the public, discussions, Please e-mail for directions to this week's meeting"
AA - Roadside Recovery,Sobriety Support,,Church By The Side Of T 3455 S 148th St,Tukwila,98,,"Friday @ 8:30 PM, Open"
AA - Sober At Cottage Lake,Sobriety Support,,United University Church 19020 Woodinvi,Woodinville,W,,"Every Tuesday @ 8:00 PM, Open to the public"
AA - Healthy Women,Sobriety Support,,Church of the Good Shep 345 S 312th,Federal Way,W,,"Sunday @ 7:30 PM, Non-Smoking, Women's, Closed"
AA - Long Timer's Group,Sobriety Support,,St. Paul's Church 6512 - 12th NW,Seattle,9811,,Every Saturday 12:00 PM Closed To Public. This meeting is for alcoholics with 15 or More years of sobriety
AA - Living Sober for Today,Sobriety Support,,12 x 12 Fellowship 23732 Bothell-E,Bothell,980,,"Every Thursday @ 10:00 AM, Wheelchair accessible parking, Big Book, open to the public, At the County Village (in the back under the clock tower)"
AA - Living in Sobriety,Sobriety Support,,St. Paul United Church of 6512 - 12th Ave,Seattle,9811,,"1st Sunday 4:00 PM 60min, Non-Smoking, Wheelchair Accessible, Last Sunday 4:00 PM, 60min, Non-Smoking, Children Welcome, Speaker, Anniversary/Birthday, Wheelchair Accessible, Open To Public. Every Wednesday, Non-Smoking, Children Welcome, Anniversary/Birthday"
AA - Juanita Triangle,Sobriety Support,,Holy Spirit Lutheran Chu 10021 NE 124th,Kirkland,WA,,"Every Tuesday @ 8:00 PM, 90 minute meetings; non-smoking, open to the public"
AA - Joy of Living,Sobriety Support,,Lake WA Christian Chur 12325 116th Av,Kirkland,WA,,"Every Monday @ 7:00 PM, Non-smoking, open to the public"
Into Action St. Johns Episcopal Chur,Alcoholics Anonymous,,4210 SW Hanfor,Seattle,WA,,"Tuesday @ 7:00 PM, Non-Smoking, Open"
I Am Responsible Black Diamond Commun,Alcoholics Anonymous,,31605 3rd,Black Diamond,WA,www.district33aa.org,"Every Monday @ 7:00 PM, 90 minute meetings; open to the public, women's group, discussions, Other Topic"
Hour Primary Purpose St. Johns United urtheran,Alcoholics Anonymous,,5515 Phinney A,Seattle,WA 9810,,"Every Tuesday 6:00 PM 60 min, Non-Smoking, Big Book, Closed To Public."
Horsemen's Group,Alcoholics Anonymous,(253) 939-6541,1317 Harvey Rd,Auburn,WA 980,www.southkingalano,"Tuesday & Thursday @ 5:00 PM, Non-Smoking, Wheelchair Accessible, Wheelchair Accessible Bathroom and Parking, Open"
Honest Desires Group 12 x 12 Fellowship,Alcoholics Anonymous,,23732 Bothell-E,Bothell,WA 980,,"Every Tuesday @ 9:00 PM Wheelchair accessible parking, open to the public At the County Village (in the back under the clock tower)"
Holly Court Group Peter Claver House,Alcoholics Anonymous,,7101 38th Ave,Seattle,WA 9811,,Every Saturday10:30 AM Open To Public.
Holly Court Group Seinor Ctr,Alcoholics Anonymous,,4655 South Holl,Seattle,WA,,"Every Sun,Mon,Tue,Thur,Fri 2:00 PM Open To Public."
Lost Campus Group Saint Francis Hospital,Alcoholics Anonymous,,34515 9th Ave S,Federal Way,W,,"Sunday @ 7:30 PM, Non-Smoking, Speaker Format, Open"
Heartbreakers St. Johns United Luthera,Alcoholics Anonymous,,5515 Phinney A,Seattle,WA,,"Every Monday 7:00 PM Wheelchair Accessible, Parking, Bathroom, Baby Sitter, Open To Public."
Friday Night Orphans Prince of Peace Lutheran,Alcoholics Anonymous,,19030 8th Ave S,SeaTac,WA 981,,"Friday @ 7:30 PM, Closed"
Greenlake Zion Lutheran Church,Alcoholics Anonymous,,7109 Arora Ave,Seattle,WA 9810,,"Every Wednesday 8:00 PM Non-Smoking, Speaker, Open To Public. Evrey Saturday 7:00 PM Book/Liturature, Closed To Public."
Green River 2 No Slip Signed GroupKent Lutheran Church,Alcoholics Anonymous,,225 W Saar St,Kent,WA 98032,,"Every Friday 7:00 PM 90min, Non-Smoking, Discussion, Topic Varies, Closed to the Public."
Gratefully Sober Seaview Methodist Churc,Alcoholics Anonymous,,4620 SW Graha,Seattle,WA 9813,,"Every Saturday @ 9:00 AM, Non-Smoking, Wheelchair Accessible, Wheelchair Accessible Bathroom, Open"
Grateful For Our Sobriety,Alcoholics Anonymous,,10848 1st Ave S,White Center,WA,,"Every Tuesday/Thursday,7:00PM Closed. Every Saturday Wheelchair Accessible, Wheelchair Accessible Parking, Wheelchair Accessible Bathroom, Open"
Grace Rules Park Ridge Chapel,Alcoholics Anonymous,,3805 Maltby Ro,Bothell,WA,,"Every Monday @ 7:00 PM Wheelchair accessible parking, open to the public"
Gay Men in Recovery Kirkland Congregational,Alcoholics Anonymous,,106 5th Ave,Kirkland,WA 98,http://gmir.benland.org,"Every Monday @ 7:30 PM 90 minute meetings Non-smoking, men's group, gay/homosexual, discussions, closed to the public, various topics, Steps and Traditions, literature study, Step Study, Stories Meets upstairs, 1st door on the left"
Full Measures Group St. John Vianney Church,Alcoholics Anonymous,,12600 84th Ave,Kirkland,WA,,"Every Tuesday @ 7:00 PM 90 minute meetings, open to the public."
Friday Nite Live First Methodist Church,Alcoholics Anonymous,,Main & N St,Auburn,WA 980,,"Friday @ 8:00 PM, 90 min., Non-Smoking, Wheelchair Accessible, Wheelchair Accessible Bathroom and Parking, Steps & Traditions, Closed"
New Miracle Hall,Alcoholics Anonymous,(253) 939-6541,1317 Harvey Rd,Auburn,WA 980,www.southkingalano,"Everyday except Sunday & Thursday @ 5:00 PM, Non-Smoking, Wheelchair Accessible, Wheelchair Accessible Bathroom and Parking, Open"
Fremont Triangle GroupFremont Baptist Church,Alcoholics Anonymous,,717 N. 36th St,Seattle,WA 9810,,"Every Monday / Thursday 7:00 AM. 60 min, Non-Smoking, Anniversary/ Birthday. Step/ Study, 12&12, Closed to the Public. Every Tue,Wend, Fri,7:00 AM, Non-Smoking. Anniversary/ Birthday. Cloces to the Public 60 min. Every Saturday 8:00 AM 60 min. Non-Smoking"
Rush Hour Sobriety Black Diamond Commun,Alcoholics Anonymous,,31605 3rd Ave,Black Diamond,WA,www.district33aa.org,"Every Thursday @ 5:00 PM 1 hour meetings; non-smoking, discussions, speakers, wheelchair accessible/parking/restrooms, open to the public, Stories"
Freedom To Change,Alcoholics Anonymous,(253) 939-6541,1317 Harvey Rd,Auburn,WA 980,www.southkingalano,"Everyday @ 10:30 AM, 1 hr, Non-Smoking, Wheelchair Accessible, Wheelchair Accessible Bathroom and Parking, Open"
Hogan's Heroes Covington Baptist Churc,Alcoholics Anonymous,,21115 SE 272nd,Covington,WA 9,www.district33aa.org,"Every Tuesday @ 9:30 AM 90 minute meetings; Non-smoking, children welcome, babysitting services available, wheelchair accessible, wheelchair parking and restrooms, Grapevine, open to the public, discussions"
MOB Phinney Ridge Lutheran,Alcoholics Anonymous,,7500 Greenwoo,Seattle,WA,,"Every Tuesday 7:00 PM , Mens,Closed to Public."
Lost Souls Meeting Benson House,Alcoholics Anonymous,,24518 104th Av,Kent,WA 98030,,"Every Wednesday 7:00 PM 90min, Non-Smoking, Discussion, Wheelchair Accessible/Parking/Restroom, Topic Varies, Open to the Public."
Freethinkers Leif Erickson Hall,Alcoholics Anonymous,,2245 NW 57th S,Seattle,WA 9810,,Every Thursday 6:15 PM.Wheelchair Accessible. Open to the public.
New Kent Fellowship,Alcoholics Anonymous,(253) 939-6541,1317 Harvey Rd,Auburn,WA 980,www.southkingalano,"Everyday @ 12:00 PM, Non-Smoking, Wheelchair Accessible, Wheelchair Accessible Bathroom and Parking, Varied Topics, Open"
New Hope Candlelight,Alcoholics Anonymous,,603 3rd Ave SE,Pacific,WA 980,,"Friday @ 8:00 PM, Non-Smoking, Wheelchair Accessible, Wheelchair Accessible Parking and Bathroom, Open"
New Found Freedom,Alcoholics Anonymous,(253) 939-6541,1317 Harvey Rd,Auburn,WA 980,www.southkingalano,"Everyday @ 7:00 PM, Non-Smoking, Wheelchair Accessible, Wheelchair Accessible Bathroom and Parking, Open"
Mt. St. Vincent,Alcoholics Anonymous,,,,,,Every Thursday 7:00 PM Open
Mountain View AA Mountain View Center,Alcoholics Anonymous,,19008 168th NE,Woodinville,W,,"Every Thursday @ 7:00 PM Non-smoking, open to the public"
Moss Bay Group Kirkland Congregational,Alcoholics Anonymous,,106 5th Ave,Kirkland,WA 98,,"Every Saturday @ 8:30 AM 90 minute meetings, open to the public"
Morning Rush St.Paul's Church,Alcoholics Anonymous,,6512-12th Ave,Seattle,WA 9811,,"Every Day 7:00 AM Non-Smoking, Open to Public."
Miracles,Alcoholics Anonymous,(253) 939-6541,109 SW Normandy Rd,Normandy Park,null,http://www.southkingalano,"Monday @ 7:30 PM, Open"
Winners,Alcoholics Anonymous,null,3940 41st Ave S,Seattle,WA,null,"Every Monday 7:30 PM Non-Smoking, Open."
Step Study,Alcoholics Anonymous,null,1005 SW 152nd,Burien,WA 9816,null,"Monday @ 7:00 PM, Closed"
South King County Alan,Alcoholics Anonymous,(253) 939-6541,1317 Harvey Rd,Auburn,WA 980,http://www.southkingalano,"Saturday @ 5:00 PM, Non-Smoking, Wheelchair Accessible, Wheelchair Accessible Bathroom and Parking, Open"
Church of the Nazarene,Alcoholics Anonymous,null,232 5th Ave S,Kirkland,WA 98,null,Every Wednesday @ 7:30 PM 90 minute meetings; open to the public
Step Serenity Group,Alcoholics Anonymous,null,Covington,WA 9,http://www.district33aa.org,null,"Every Thursday @ 7:00 PM 1 hour meetings; non-smoking, 11th Step, closed to the public, candlelight Please e-mail for directions of this week's meeting"
Our Redeemer Lutheran,Alcoholics Anonymous,null,2400 NW 85th S,Seattle,WA 9811,null,"Every Tuesday 7:30 PM, Open to Public"
St. John's Church,Alcoholics Anonymous,null,3050 California,Seattle,WA,null,"Friday @ 7:00 PM, Non-Smoking, Baby Sitter, Women's, Open"
Magnolia Speakers,Alcoholics Anonymous,null,31st West and W,Seattle,WA,null,"Friday @ 8:30 PM, 1 hr, Smoking/Friendship Break, Speaker, Stories, Open"
South King County Alan,Alcoholics Anonymous,(253) 939-6541,1317 Harvey Rd,Auburn,WA 980,http://www.southkingalano,"Monday @ 7:00 PM, Non-Smoking, Wheelchair Accessible, Wheelchair Accessible Bathroom and Parking, Closed"
Church of Ascension,Alcoholics Anonymous,null,34th West and,Seattle,WA,null,"Thursday @ 8:00 PM, 1 hr, Non-Smoking, Discussion format, Wheelchair Accessible, Wheelchair Accessible Bathroom, Varied topics, Closed"
Kent Café,Alcoholics Anonymous,null,318 W Meeker,Kent,WA 98032,null,"Every Saturday 10:30 AM 90min, Non-Smoking, Restaurant/Food,Wheelchair Accessible/Parking/Restroom, Topic Varies, Men's."
Maple Valley Presbyterian,Alcoholics Anonymous,null,22659 Sweeney,Maple Valley,W,http://www.district33aa.org,"Every Firday @ 8:00 PM 90 minute meetings; discussions, wheelchair accessibility (parking/restrooms), open to the public, babysitting services, non-smoking"
Our Father's Heart Church,Alcoholics Anonymous,null,6th and Lawson,Black Diamond,http://www.district33aa.org,null,"Every Wednesday @ 8:00 PM 90 minute meetings; non-smoking, wheelchair accessible/parking/restrooms, open to the public, discussions."
Alliance Bible Church,Alcoholics Anonymous,null,19320 SE 240th,Covington,WA 9,http://www.district33aa.org,"Every Monday @ 6:30 PM 90 minute meetings; non-smoking, discussions, wheelchair accessible/parking/restrooms, men's group, Step Study, 12 and 12"
Gloria's Restaurant and L,Alcoholics Anonymous,null,23220 Maple Va,Maple Valley,W,http://www.district33aa.org,"Every Saturday @ 9:00 AM 90 minute meetings; restaurant/food, discussions, open to the public, literature study, wheelchair accessible facilities (parking/restrooms) Enter at back Lounge Door"
Hobart Community Church,Alcoholics Anonymous,null,27524 SE 200th,Hobart,WA 980,http://www.district33aa.org,"Every Tuesday @ 8:00 PM 90 minute meetings Non-smoking, discussions, wheelchair accessible w/parking and restroom facilities for wheelchair users, closed to the public"
CWA Union Hall,Alcoholics Anonymous,null,SR-900 & 164th,Renton,WA 980,null,"Every Sunday @ 9:00 AM 90 minute meetings, discussions, various topics, closed to the public (CWA Union Hall - Renton-Issaquah Rd)"
DSHS - Economic Services Administration - Rainier Valley,Transportation Assistance,(206) 341-7429,3600 S. Graham St.,Seattle,WA 9811,null,Welfare recipients can be eligible for transportation if they are actively seeking employment or job training.
Hopelink,Transportation Assistance,null,16225 NE 87th St. Suite,Redmond,WA 9,http://www.hopelink.org,Medicaid transportation Medicaid Eligible
Metro Transit,Transportation Assistance,(206) 553-300,201 South Jackson Street,Seattle,WA 9810,null,Regional Reduced Fare Permit For senior and disabled Persons To be eligible --Must be at least 65 years of age. --Eligible for social Security Disability Benefits or now receivesSSI Benefits because of disibility. (tempory)
King County Metro Transit,Transportation Assistance,(206) 553-3000,201 S. Jackson Street,Seattle,WA,null,Call for information and programs
DSHS - Economic Services Administration - White Center,Transportation Assistance,(206) 341-7430,9650 15th Ave SW,Seattle,WA 981,null,"Mailing address: PO Box 34359 Seattle, WA 98124-9532 MS: N44- Welfare recipients can be eligible for transportation if they are actively seeking employment or job training."
DSHS - Economic Services Administration - Renton,Transportation Assistance,(206) 341-7434,500 SW 7th St. Suite B,Renton,WA 980,null,"Mailing address: P.O. BOX 34358 Seattle, WA 98124 MS: N80-1 Welfare recipients can be eligible for transportation if they are actively seeking employment or job training."
Sound Transit,Transportation Assistance,(206) 398-5000,401 South Jackson Street,Seattle,WA 9810,null,Regional Reduced Fare Permit For senior and disabled Persons To be eligible --Must be at least 65 years of age. --Eligible for social Security Disability Benefits or now receivesSSI Benefits because of disibility. (tempory)
King County Metro Transit: Dial a Ride Transit,Transportation Assistance,null,null,null,null,null,Call for information and programs
DSHS - Economic Services Administration - King North-Ballard,Transportation Assistance,(206) 341-7424,Ballard,WA 981,null,null,Welfare recipients can be eligible for transportation if they are actively seeking employment or job training.
DSHS - Economic Services Administration - King Eastside,Transportation Assistance,(206) 341-7404,805 156th Ave NE,Bellevue,WA 98,null,"Mailing address: 805 156th Ave NE Bellevue, WA 98007-4614 MS: N40-1 Welfare recipients can be eligible for transportation if they are actively seeking employment or job training."
DSHS - Economic Services Administration - Federal Way,Transportation Assistance,(206) 341-7426,616 S 348th St,Federal Way,W,null,"Mailing Address: P O Box 34352 MS: N45-1 Seattle, WA 98124 Welfare recipients can be eligible for transportation if they are actively seeking employment or job training."
DSHS - Economic Services Administration - Capitol Hill,Transportation Assistance,(206) 341-7431,1700 E. Cherry St.,Seattle,WA 9812,null,Welfare recipients can be eligible for transportation if they are actively seeking employment or job training.
DSHS - Economic Services Administration - Belltown,Transportation Assistance,(206) 341-7427,2106 2nd Ave.,Seattle,WA 9812,null,"Mailing address: 2106 2nd Ave. Seattle, WA 98121-2298 MS: N47-1 Welfare recipients can be eligible for transportation if they are actively seeking employment or job training."
DSHS - Economic Services Administration - Auburn,Housing Assistance,(206) 804-1159,"2707 ""I"" St. NE",Auburn,980,,"Mailing address: PO BOX 34362 Seattle, WA 98124-9805 MS: N72-1 Welfare recipients can be eligible for transportation if they are actively seeking employment or job training."
DSHS - Economic Services Administration - King South-Kent,Housing Assistance,(206) 341-7428,"1313 W. Meeker St., Suite 100",Kent,98032,,Welfare recipients can be eligible for transportation if they are actively seeking employment or job training.
VA Supported Housing Program (VASH),Housing Assistance,(206) 277-1057,1660 S. Columbian Way,Seattle,9810,,"Case Management, Housing—Supported Serves Patients of VA Puget Sound (Seattle and Tacoma) Must be disabled, homeless. Must be currently participating in a VA-designated program for the homeless veterans (exceptions may be granted to homeless, disabled w"
VA Puget Sound Healthcare Program,Housing Assistance,(206) 764-2417,1660 S. Columbian Way,Seattle,9810,,"Case Management, Housing—Supported Serves Patients of VA Puget Sound (Seattle and Tacoma) Must be disabled, homeless. Must be currently participating in a VA-designated program for the homeless veterans (exceptions may be granted to homeless, disabled w"
VA Puget Sound Health Care System,Housing Assistance,(800) 329-8387,1660 S. Columbia Way,Seattle,9810,,"VA Puget Sound Health Care System is the largest referral medical center in the Northwest Network and is part of the Veterans Integrated Service Network (VISN) 20, which includes facilities in Anchorage, Boise, Portland, Roseburg, Spokane, Seattle/Ta"
VA Puget Sound - Health Care System,Housing Assistance,206-205-3550,25 Post Deployment Clinic 1660 S. Columbi,Seattle,981,,"Veterans Administration Puget Sound Health Care System - Veterans (206) 553-2706 2030 9th Ave Suite 210 Seattle, WA 9812 Provides assessments, transportation for medical needs, limited emergency housing, crisis intervention, hygiene items, info and referral, screening for VA."
VA Area Office,,915-2nd Avenue,Seattle,WA,981,,
William Booth Center – Veterans Transitional Housing,Housing Assistance,(206) 287-0108,811 Maynard Ave. S.,Seattle,9813,,"or from public -Form”. ans, The V A Hospital, and stay clean and l Honorable or Under"
VA- Grant and Per Diem Program - VAPSHCS/Seattle,Housing Assistance,(206) 277-3260,1660 South Columbia Wa 116-WTRC,Seattle,9810,,"V APSHCS/ American Lake 9600 Veterans Drive SW (A-116-Hom) Tacoma, WA 98493 (253) 583-1631 (American Lake) toll free: 800-329-8387 x63260(Seattle) / toll free: 800-329-8387 x71631 (American Lake) fax: (206) 764-2293 (Seattle) fax: (253)"
Veterans Independent Enterprises of Washington - VIEW,Housing Assistance,(206) 721-4422,This address is confidenti,,,,"Vocational Rehabilitation and Transitional Services: Work adjustment, work therapy, job placement assistance, transitional employment and housing services for homeless veterans."
Veterans Special Benefits Hotline,,(800) 827,915- Second Ave.,Seattle,9817,http://www.va.wa.gov,"(Home loans, insurance, etc.) Are you eligible? www.va.gov"
UW Physicians Woodinville Clinic,,(425) 485-4100,17638 140th Ave. NE,Woodinville,W,,Parent Facility: V A Puget Sound HCS (Seattle) Phone: (206) 762-1010 or (800) 329-8387
Vietnam Veterans Leadership Program - Transitional Housing,Housing Assistance,(206) 357-3263,Compass Center 77 S Washington,Seattle,9810,http://www.compasscenter.org,
U.S. Department of Veterans Affairs - Regional Office,,(888) 442-4551,915 2nd Ave Suite 1214,Seattle,9817,,"Education and Training: Offers education and training programs for veterans; includes the GI Bill. (888) 442-4551. Employment Assistance: Employment offices help eligible veterans find jobs by providing free job counseling, testing, placement se"
WorkSource - Auburn Affiliate,Employment Assistance,(253) 804-1177,2707 I St NE,Auburn,980,,Offers job placement assistance and limited on-the-job and job skills training opportunities for veterans.
WorkSource - North Seattle,Employment Assistance,(206) 440-2500,12500 Aurora Ave N,Seattle,9813,,Offers job placement assistance and limited on-the-job and job skills training opportunities for veterans.
WorkSource - Rainier Affiliate,Employment Assistance,(206) 721-6000,2531 Rainier Ave S,Seattle,9814,,Offers job placement assistance and limited on-the-job and job skills training opportunities for veterans.
WorkSource - Redmond,Employment Assistance,(425) 861-3700,7735 178th Pl NE,Redmond,9,,Offers job placement assistance and limited on-the-job and job skills training opportunities for veterans.
WS NORTH SEATTLE - 360,,(206) 440-2525,12550 Aurora Avenue N. P.O. Box 33820,Seattle,981,,"King (Part5) 98028, 98102-03, 98105, 98107, 98109, 98112-13, 98115, 98117, 98119, 98125, 98127, 98133, 98139, 98155, 98170, 98175, 98177, 98185 98190, 98194-95, 98199"
Veterans Transitional Housing - Shoreline,Housing Assistance,(206) 357-3280,Compass Center 77 S Washington,Seattle,9810,http://www.compasscenter.org,Provides male and female veterans with affordable dormitory-style housing and support; includes intensive on-site case management
RAINIER AFF - 370,,(206) 721-5987,2531 Rainier Ave. South,Seattle,981,,"King (Part3) 98013, 98060, 98070, 98101, 98104, 98106, 98108, 98111, 98114, 98116, 98118, 98121-22, 98124, 98126, 98129, 98130-32, 98134, 98136, 98138, 98140, 98144-45, 98150-51, 98154, 98171, 98191"
WS RENTON - 480,,(206) 205-35OO,919 S.W. Grady Way Suite 125,Renton,980,,"King (Part2) RENTON 98025, 98038, 98055-59, 98062, 98146, 98148, 98158, 98160-61, 98164-66, 98168, 98174, 98178, 98181, 98184"
U.S. Department of Veterans Affairs - Regional Office,,(888) 442-4551,915 2nd Ave - Suite 1214,Seattle,9817,,"Offers education and training programs for veterans; include the GI Bill. Offers survivors' benefits, including educational assistance."
AUBURN AFF - 310,,(253) 804-1177,"2707 ""I"" Street",Auburn,980,,"King (Part1) AUBURN 98001-03, 98010, 98022-23, 98030-32, 98035, 98042, 98047, 98051, 98054, 98063-64, 98071, 98089, 98092-93, 98188, 98198, 98385, 98390-91"
"Employment Security Department, Auburn Job Service Center",,(253) 833-0102,2707 I St NE,Auburn,980,,"Monday through Friday 8:00am - 5:00pm, except holidays. Provides current job listings with the state and other employers, computerized job matching, unemployment insurance, services for veterans, claimant placement, employment for food stamp recipien"
Homeless Veterans Program,Housing Assistance,(206) 553-2706,2030 9th Ave Suite 210,Seattle,9812,http://www.puget-sound.med.va.gov,"Veterans Administration Puget Sound Health Care System - Veterans Readjustment Counseling Services - Vet Center Provides assessments, transportation for medical needs, limited emergency housing, crisis intervention, hygiene items, info and refe"
HopeLink Center,,(425) 333-4163,31957 E. Commercial,Carnation,9,,"Every other Thursday 1:00pm. - 3:00pm"""
UW Medicine Kent/Des Moines Clinic,,(206) 870-8880,23213 Pacific Highway S,Kent,98032,,Parent Facility: V A Puget Sound HCS (Seattle) Phone: (206) 762-1010 or (800) 329-8387
King County Veterans Program,,(206) 296-7656,123 3rd Ave S Suite 300,Seattle,9810,http://www.metrokc.gov/,Provides Veterens with the following: Case Management Employment Assistance Employment Support Services Financial Assistance Jail Project Mental Health Counseling Permanent Housing Transitional Housing Transitional Shelter Transportat
UW Physicians Shoreline Clinic,,(206) 542-5656,1355 N. 205th Street,Seattle,9813,,Parent Facility: V A Puget Sound HCS (Seattle)Phone: (206) 762-1010 or (800) 329-8387 Hours of Operation - Monday through Thursday: 8:00am - 8:00pm Friday: 8:00am - 6:00pm Saturday:
Seattle Regional Office,,(800) 827 1000,Federal Building 915 2nd Avenue,Seattle,9817,,
Seattle Vet Center,Veterans Assistance,(206) 553-2706,F 2030 - 9th Ave. Suite 210,Seattle,9812,,
Seattle Vietnam Veterans Leadership Program,Housing Assistance,(206) 357-3282,123 3rd Ave S Suite 300,Seattle,9810,,Helps homeless veterans obtain temporary housing; helps fund 12 units of transitional housing.
Shoreline Community College - Veterans Center,Veterans Assistance,(206) 546-4597,16101 Greenwood Ave N,Shoreline,9,,"Veterans Center: Provides emotional, educational, and financial counseling to veterans and certification for federal education benefits."
The Compass Center - Veterans Transitional Housing,Housing Assistance,(206) 357-3280,1301 N 200th Ave.,Shoreline,9,,Transitional housing facility with 21 rooms for men and 4 rooms for women. Assists veterans with transition to long-term housing. Case management is required. Drug and alcohol counseling is available. VA representative onsite once a week to assist with
US Department of Veteran's Affairs - Seattle Regional Office,Housing Assistance,,1660 S Columbia Way,Seattle,9810,,"Provides the following services for homeless vets: Domiciliary Care for Homeless Veterans (DCHV), a residential rehabilitation program; Veterans Affairs Supported Housing (VASH), which provides long term affordable housing;"
UW Physicians Federal Way Clinic,Healthcare,(253) 839-3030,32018 23rd Ave South,Federal Way,W,,Parent Facility: V A Puget Sound HCS (Seattle) Phone: (206) 762-1010 or (800) 329-8387
King County Veterans,Veterans Assistance,206-296 7574,123 3rd Avenue S Suite 300,Seattle,981,,
University Street Ministry,Youth Services,(206) 356-9314,4740 University Way NE,Seattle,9810,http://www.teenfeed.org/,"Service Links for Youth (SL Y): Offers case management services around a variety of issues for youth and young adults, ages 13 - 25."
